CustomerID,Age,Gender,MembershipTier,TenureMonths,RecencyDays,Frequency,MonetaryTotal,AvgBasketSize,ComplaintCount,Churn
CUST_01001,22,Other,Bronze,8,11,1,453.45,453.45,0,0
CUST_01002,47,F,Bronze,10,9,3,845.92,281.97,0,0
CUST_01003,,M,Silver,1,14,9,5662.24,629.14,1,0
CUST_01004,36,Other,Bronze,16,120,5,2276.40,455.28,1,1
CUST_01005,25,Other,Silver,20,17,7,3260.21,465.74,0,0
CUST_01006,33,F,Gold,29,46,24,33676.04,1403.17,0,0
CUST_01007,47,M,Silver,13,19,7,5307.63,758.23,0,0
CUST_01008,37,Other,Bronze,18,41,4,1712.19,428.05,0,1
CUST_01009,44,F,Platinum,1,12,23,31355.99,1363.30,0,0
CUST_01010,35,M,Silver,26,1,11,8487.99,771.64,0,0
CUST_01011,50,Other,Gold,14,24,16,18953.83,1184.61,0,0
CUST_01012,27,F,Bronze,46,14,3,1114.93,371.64,0,1
CUST_01013,31,Other,Bronze,16,50,4,1160.36,290.09,0,1
CUST_01014,32,Other,Bronze,14,43,4,1965.57,491.39,0,0
CUST_01015,34,M,Gold,43,26,15,15899.70,1059.98,0,0
CUST_01016,53,F,Bronze,39,3,4,1601.47,400.37,2,0
CUST_01017,48,F,Bronze,5,10,4,941.52,235.38,1,0
CUST_01018,51,M,Bronze,27,3,6,2809.62,468.27,0,0
CUST_01019,33,F,Bronze,34,3,4,1742.73,435.68,0,0
CUST_01020,32,M,Silver,11,12,11,5049.55,459.05,0,0
CUST_01021,30,F,Gold,30,19,13,14215.41,1093.49,1,0
CUST_01022,32,F,Bronze,31,57,4,1988.71,497.18,1,1
CUST_01023,61,F,Gold,27,6,12,14688.16,1224.01,0,0
CUST_01024,30,Other,Silver,5,10,8,4527.28,565.91,1,0
CUST_01025,29,Other,Gold,2,49,13,16843.40,1295.65,0,0
CUST_01026,28,F,Bronze,1,47,3,1327.31,442.44,0,1
CUST_01027,33,M,Silver,7,3,10,5023.07,502.31,1,0
CUST_01028,52,M,Bronze,15,30,5,2318.18,463.64,0,0
CUST_01029,35,F,Silver,13,6,7,5001.52,714.50,1,1
CUST_01030,34,Other,Silver,16,5,6,4761.79,793.63,0,0
CUST_01031,43,M,Gold,11,16,10,16489.02,1648.90,0,0
CUST_01032,44,M,Silver,9,44,8,5415.07,676.88,1,1
CUST_01033,38,Other,Silver,2,13,7,3799.91,542.84,0,0
CUST_01034,36,M,Platinum,16,12,17,60071.70,3533.63,0,0
CUST_01035,47,M,Gold,17,14,18,25486.20,1415.90,0,0
CUST_01036,42,F,Bronze,16,10,2,763.90,381.95,0,0
CUST_01037,33,F,Silver,13,13,6,2225.34,370.89,0,0
CUST_01038,33,Other,Bronze,25,57,6,1927.37,321.23,0,0
CUST_01039,18,M,Bronze,22,10,3,594.38,198.13,0,0
CUST_01040,43,M,Silver,11,19,8,4381.28,547.66,0,0
CUST_01041,46,F,Silver,42,15,9,6023.37,669.26,0,0
CUST_01042,29,M,Gold,28,39,24,30636.85,1276.54,1,0
CUST_01043,27,F,Bronze,4,1,4,1246.34,311.58,0,0
CUST_01044,40,Other,Platinum,12,19,16,34224.30,2139.02,2,0
CUST_01045,57,Other,Gold,60,31,15,16513.36,1100.89,0,0
CUST_01046,47,Other,Gold,46,21,15,19150.87,1276.72,1,0
CUST_01047,32,F,Gold,11,34,19,23599.15,1242.06,0,0
CUST_01048,56,F,Silver,27,2,8,5217.81,652.23,2,1
CUST_01049,32,M,Bronze,5,13,4,1104.04,276.01,0,0
CUST_01050,48,F,Bronze,7,52,4,1373.14,343.29,1,1
CUST_01051,28,Other,Silver,8,12,10,6953.58,695.36,0,0
CUST_01052,26,F,Bronze,28,1,3,1345.31,448.44,0,0
CUST_01053,38,F,Bronze,56,14,1,382.56,382.56,1,0
CUST_01054,38,F,Bronze,28,3,5,1691.99,338.40,1,0
CUST_01055,26,F,Silver,3,1,4,2980.25,745.06,1,0
CUST_01056,29,F,Bronze,13,11,4,1516.48,379.12,1,0
CUST_01057,43,Other,Silver,53,25,8,5561.31,695.16,1,0
CUST_01058,,M,Platinum,1,27,26,53626.93,2062.57,0,0
CUST_01059,45,M,Bronze,35,51,4,1500.35,375.09,1,1
CUST_01060,38,M,Gold,47,21,12,13622.48,1135.21,0,0
CUST_01061,38,Other,Silver,21,1,3,2163.53,721.18,1,0
CUST_01062,28,M,Gold,25,10,12,15705.86,1308.82,0,0
CUST_01063,37,M,Bronze,5,5,2,659.50,329.75,0,0
CUST_01064,41,M,Gold,30,37,16,19300.91,1206.31,0,0
CUST_01065,24,F,Silver,4,15,7,4053.74,579.11,0,0
CUST_01066,39,M,Bronze,31,2,4,1435.87,358.97,0,0
CUST_01067,44,Other,Gold,62,5,14,18048.70,1289.19,0,0
CUST_01068,46,Other,Gold,35,6,15,18825.36,1255.02,0,0
CUST_01069,43,M,Bronze,1,29,4,1304.36,326.09,0,0
CUST_01070,43,F,Gold,18,1,18,15657.21,869.84,0,0
CUST_01071,49,Other,Platinum,1,32,31,63676.26,2054.07,0,0
CUST_01072,48,F,Bronze,1,17,3,1101.79,367.26,1,1
CUST_01073,50,F,Bronze,1,19,3,1095.84,365.28,0,0
CUST_01074,46,F,Silver,2,12,9,5605.91,622.88,0,0
CUST_01075,52,F,Bronze,29,31,4,1779.99,445.00,1,0
CUST_01076,47,M,Silver,1,2,8,5238.87,654.86,1,0
CUST_01077,50,Other,Silver,3,37,8,4839.07,604.88,0,1
CUST_01078,43,Other,Silver,38,26,5,2833.60,566.72,0,1
CUST_01079,27,M,Silver,28,120,12,8523.43,710.29,1,1
CUST_01080,36,M,Bronze,9,102,4,1653.55,413.39,1,1
CUST_01081,43,M,Bronze,18,1,3,1053.12,351.04,1,0
CUST_01082,49,Other,Silver,15,9,10,7533.05,753.31,0,0
CUST_01083,32,F,Bronze,17,9,3,1159.13,386.38,1,0
CUST_01084,30,Other,Bronze,63,3,3,1544.62,514.87,0,0
CUST_01085,40,F,Bronze,19,9,4,1883.19,470.80,0,0
CUST_01086,18,Other,Bronze,16,19,4,1222.75,305.69,1,0
CUST_01087,54,F,Bronze,8,1,3,1417.90,472.63,0,0
CUST_01088,30,Other,Silver,1,20,7,3598.91,514.13,0,0
CUST_01089,45,F,Bronze,24,36,4,1995.05,498.76,0,0
CUST_01090,24,F,Gold,27,97,11,12826.42,1166.04,0,1
CUST_01091,,F,Bronze,60,13,3,1117.64,372.55,1,0
CUST_01092,44,Other,Silver,20,33,8,5854.58,731.82,0,0
CUST_01093,38,F,Bronze,13,7,3,1046.54,348.85,1,0
CUST_01094,,Other,Silver,26,20,8,5869.39,733.67,1,0
CUST_01095,19,F,Bronze,25,24,3,1193.37,397.79,0,0
CUST_01096,37,Other,Platinum,15,15,16,36332.88,2270.80,0,1
CUST_01097,30,F,Platinum,36,19,30,58422.51,1947.42,0,0
CUST_01098,55,Other,Silver,20,7,6,4158.45,693.07,0,0
CUST_01099,42,F,Bronze,19,20,4,1359.49,339.87,1,0
CUST_01100,47,F,Bronze,5,47,3,1355.92,451.97,0,1
CUST_01101,35,M,Bronze,15,22,4,1386.85,346.71,2,1
CUST_01102,21,F,Bronze,2,53,4,1419.65,354.91,0,0
CUST_01103,48,F,Silver,12,22,9,6178.60,686.51,0,0
CUST_01104,46,Other,Gold,12,29,18,25608.79,1422.71,0,0
CUST_01105,49,F,Platinum,4,120,22,59005.33,2682.06,0,1
CUST_01106,41,Other,Silver,2,3,3,1820.94,606.98,0,0
CUST_01107,31,M,Silver,40,3,10,7924.50,792.45,0,0
CUST_01108,35,F,Bronze,4,3,4,1632.76,408.19,0,0
CUST_01109,45,Other,Silver,46,13,12,7322.48,610.21,1,0
CUST_01110,27,M,Silver,10,9,7,6054.40,864.91,0,0
CUST_01111,37,F,Platinum,6,4,29,75549.94,2605.17,0,0
CUST_01112,31,F,Bronze,1,6,5,1496.78,299.36,1,0
CUST_01113,47,F,Bronze,7,81,3,1884.65,628.22,2,1
CUST_01114,35,Other,Bronze,11,76,4,815.54,203.88,2,1
CUST_01115,34,M,Platinum,27,76,18,45509.71,2528.32,0,1
CUST_01116,54,M,Gold,10,48,9,10429.82,1158.87,1,1
CUST_01117,30,Other,Bronze,1,13,2,1011.10,505.55,0,0
CUST_01118,67,F,Bronze,35,41,3,1070.83,356.94,1,0
CUST_01119,33,F,Bronze,7,25,4,1749.48,437.37,0,0
CUST_01120,37,F,Platinum,19,8,34,72243.43,2124.81,1,0
CUST_01121,34,F,Silver,1,3,5,3257.43,651.49,2,0
CUST_01122,30,M,Silver,35,41,10,6240.99,624.10,0,0
CUST_01123,18,M,Bronze,26,10,3,1225.65,408.55,0,1
CUST_01124,42,F,Silver,5,40,6,4504.49,750.75,2,1
CUST_01125,31,Other,Bronze,31,6,5,2276.34,455.27,1,0
CUST_01126,41,F,Bronze,21,2,4,981.20,245.30,1,0
CUST_01127,42,M,Bronze,1,8,4,2033.59,508.40,0,0
CUST_01128,32,M,Gold,14,1,15,17963.10,1197.54,0,0
CUST_01129,56,M,Silver,17,34,12,9561.99,796.83,0,0
CUST_01130,46,Other,Bronze,8,1,2,835.05,417.52,1,0
CUST_01131,21,F,Silver,3,18,7,5211.97,744.57,0,0
CUST_01132,40,F,Silver,11,72,5,3370.80,674.16,0,0
CUST_01133,18,F,Bronze,4,22,2,771.05,385.52,0,0
CUST_01134,,M,Bronze,4,14,2,494.99,247.50,1,0
CUST_01135,42,Other,Silver,14,38,5,1566.63,313.33,1,1
CUST_01136,37,F,Gold,2,52,22,29462.01,1339.18,0,0
CUST_01137,71,Other,Silver,8,10,9,4715.47,523.94,0,0
CUST_01138,22,F,Bronze,21,7,4,1915.17,478.79,0,0
CUST_01139,42,M,Bronze,2,13,3,1101.92,367.31,1,1
CUST_01140,45,F,Platinum,55,26,24,57664.51,2402.69,0,0
CUST_01141,33,Other,Silver,4,3,5,2727.48,545.50,0,0
CUST_01142,36,M,Silver,29,42,8,4896.38,612.05,1,1
CUST_01143,49,M,Gold,22,113,16,17952.26,1122.02,0,0
CUST_01144,48,M,Bronze,14,2,2,630.83,315.42,2,0
CUST_01145,29,F,Silver,30,21,8,2860.35,357.54,1,0
CUST_01146,28,F,Bronze,26,59,5,2184.11,436.82,0,1
CUST_01147,28,Other,Bronze,8,4,4,1784.17,446.04,0,0
CUST_01148,30,M,Bronze,6,8,4,1550.76,387.69,0,0
CUST_01149,39,F,Bronze,10,1,2,841.87,420.94,2,0
CUST_01150,44,M,Silver,18,6,4,2505.51,626.38,0,0
CUST_01151,51,F,Gold,6,1,14,14722.70,1051.62,1,0
CUST_01152,33,F,Bronze,26,12,4,675.90,168.97,0,0
CUST_01153,28,F,Bronze,10,3,3,686.73,228.91,1,0
CUST_01154,58,Other,Bronze,7,32,3,1365.81,455.27,0,0
CUST_01155,31,Other,Bronze,12,16,3,1599.24,533.08,1,0
CUST_01156,,M,Silver,4,1,7,4106.16,586.59,1,0
CUST_01157,41,Other,Gold,11,21,9,10534.68,1170.52,0,0
CUST_01158,30,F,Bronze,20,33,4,1430.93,357.73,0,0
CUST_01159,21,M,Bronze,10,2,4,1499.69,374.92,0,0
CUST_01160,42,F,Gold,24,3,16,18876.08,1179.76,0,0
CUST_01161,30,F,Gold,32,44,11,11418.49,1038.04,0,0
CUST_01162,43,M,Bronze,38,11,4,1379.67,344.92,2,0
CUST_01163,44,F,Gold,55,1,15,12373.97,824.93,0,0
CUST_01164,37,Other,Gold,1,120,2,2636.72,1318.36,0,1
CUST_01165,48,F,Gold,10,53,16,19715.44,1232.21,0,0
CUST_01166,48,F,Gold,20,70,13,15068.95,1159.15,0,1
CUST_01167,47,M,Silver,34,49,12,5930.52,494.21,1,0
CUST_01168,38,Other,Bronze,14,33,5,1913.19,382.64,0,1
CUST_01169,26,Other,Bronze,21,6,3,1045.89,348.63,0,0
CUST_01170,24,F,Bronze,15,43,4,1596.76,399.19,1,1
CUST_01171,39,M,Silver,10,25,7,4998.98,714.14,0,0
CUST_01172,33,M,Bronze,24,22,4,2001.71,500.43,0,0
CUST_01173,37,Other,Silver,8,13,8,5637.11,704.64,0,0
CUST_01174,50,F,Silver,3,36,6,5012.76,835.46,0,0
CUST_01175,38,M,Silver,44,21,8,5481.42,685.18,1,0
CUST_01176,50,F,Bronze,1,41,6,2964.86,494.14,0,0
CUST_01177,55,F,Platinum,6,39,32,72031.22,2250.98,0,0
CUST_01178,45,M,Silver,4,5,4,2654.85,663.71,0,0
CUST_01179,32,M,Bronze,30,1,4,1060.95,265.24,0,0
CUST_01180,58,M,Gold,1,52,21,33404.66,1590.70,0,0
CUST_01181,50,Other,Bronze,1,3,3,1366.06,455.35,0,0
CUST_01182,30,F,Gold,8,22,13,18594.15,1430.32,0,0
CUST_01183,20,F,Silver,3,14,12,7591.68,632.64,0,0
CUST_01184,46,M,Silver,2,47,9,5039.85,559.98,0,0
CUST_01185,39,Other,Bronze,10,36,4,1910.10,477.52,0,1
CUST_01186,29,F,Bronze,3,30,3,1462.62,487.54,1,0
CUST_01187,34,Other,Gold,1,25,17,18549.95,1091.17,1,1
CUST_01188,23,Other,Bronze,11,91,4,1167.96,291.99,1,1
CUST_01189,49,Other,Gold,17,28,17,18841.96,1108.35,0,0
CUST_01190,39,Other,Silver,1,16,7,3671.51,524.50,1,0
CUST_01191,38,Other,Bronze,1,51,2,845.70,422.85,0,1
CUST_01192,35,F,Gold,7,17,18,23109.92,1283.88,0,0
CUST_01193,18,M,Silver,22,16,6,3504.56,584.09,0,0
CUST_01194,21,F,Bronze,46,49,4,1347.16,336.79,0,0
CUST_01195,27,F,Bronze,7,35,4,1242.66,310.67,0,0
CUST_01196,22,M,Bronze,14,5,4,1561.25,390.31,0,0
CUST_01197,56,F,Gold,1,21,12,14598.38,1216.53,0,1
CUST_01198,32,Other,Bronze,2,12,4,1475.82,368.95,2,1
CUST_01199,48,F,Bronze,11,8,3,1491.35,497.12,1,0
CUST_01200,38,F,Bronze,4,24,2,844.86,422.43,1,0
CUST_01201,28,F,Silver,9,1,6,3046.52,507.75,0,0
CUST_01202,36,Other,Silver,31,1,8,7277.41,909.68,0,0
CUST_01203,18,F,Bronze,7,15,3,1214.13,404.71,1,0
CUST_01204,42,F,Bronze,36,5,4,1479.34,369.83,0,0
CUST_01205,36,M,Bronze,50,31,4,1332.63,333.16,1,0
CUST_01206,37,M,Silver,40,18,5,2578.63,515.73,0,0
CUST_01207,42,M,Silver,3,91,6,4572.82,762.14,0,1
CUST_01208,41,Other,Bronze,72,45,3,824.96,274.99,0,0
CUST_01209,47,M,Silver,10,7,11,6884.30,625.85,2,1
CUST_01210,29,F,Silver,8,7,8,1952.33,244.04,0,0
CUST_01211,39,F,Bronze,25,13,3,971.41,323.80,0,0
CUST_01212,22,F,Silver,69,1,9,5118.99,568.78,1,0
CUST_01213,18,F,Bronze,23,6,4,1598.06,399.51,0,0
CUST_01214,40,F,Bronze,10,9,2,882.91,441.45,0,0
CUST_01215,18,Other,Bronze,4,1,4,1502.43,375.61,0,0
CUST_01216,47,M,Bronze,9,15,3,1043.12,347.71,0,0
CUST_01217,48,F,Bronze,6,29,1,241.10,241.10,0,0
CUST_01218,43,M,Gold,3,46,14,20843.90,1488.85,0,0
CUST_01219,25,M,Bronze,67,11,2,762.93,381.46,0,0
CUST_01220,34,M,Silver,5,1,5,2553.97,510.79,0,0
CUST_01221,18,F,Silver,2,33,8,3289.43,411.18,1,0
CUST_01222,37,F,Gold,10,26,16,16756.67,1047.29,0,0
CUST_01223,39,M,Gold,15,5,13,14788.42,1137.57,0,0
CUST_01224,48,M,Bronze,33,40,2,568.59,284.30,0,0
CUST_01225,32,F,Silver,1,26,7,3113.81,444.83,0,0
CUST_01226,23,F,Bronze,4,45,4,1544.27,386.07,0,1
CUST_01227,27,M,Bronze,29,21,2,779.03,389.51,0,0
CUST_01228,25,F,Silver,14,13,6,3185.08,530.85,2,1
CUST_01229,26,F,Silver,31,9,8,5117.39,639.67,1,0
CUST_01230,35,Other,Platinum,4,53,16,34326.95,2145.43,0,0
CUST_01231,27,F,Bronze,26,23,2,729.12,364.56,0,0
CUST_01232,22,M,Bronze,8,120,2,383.44,191.72,0,1
CUST_01233,19,Other,Gold,30,29,14,17858.06,1275.58,0,0
CUST_01234,37,M,Silver,47,12,7,3618.13,516.88,1,0
CUST_01235,29,Other,Gold,25,63,19,28076.06,1477.69,0,0
CUST_01236,52,Other,Silver,7,5,6,3671.96,611.99,0,0
CUST_01237,49,M,Bronze,38,5,3,857.07,285.69,0,0
CUST_01238,41,F,Bronze,13,22,3,1018.88,339.63,0,0
CUST_01239,33,F,Silver,1,3,10,4790.90,479.09,0,0
CUST_01240,30,M,Bronze,9,1,3,1459.99,486.66,0,0
CUST_01241,34,M,Bronze,2,20,4,947.92,236.98,0,0
CUST_01242,55,F,Platinum,9,27,27,69549.76,2575.92,0,0
CUST_01243,,Other,Bronze,72,28,4,1981.42,495.36,0,0
CUST_01244,37,Other,Bronze,3,52,2,804.75,402.38,1,1
CUST_01245,42,M,Bronze,3,60,4,1239.57,309.89,0,0
CUST_01246,38,M,Bronze,45,8,4,1404.86,351.21,1,0
CUST_01247,47,Other,Gold,5,35,15,15952.37,1063.49,0,0
CUST_01248,37,F,Gold,31,7,15,21082.03,1405.47,0,0
CUST_01249,35,M,Bronze,8,69,2,689.30,344.65,0,1
CUST_01250,28,M,Silver,17,18,8,5114.47,639.31,1,0
CUST_01251,49,Other,Gold,2,1,6,7118.99,1186.50,1,0
CUST_01252,25,F,Bronze,9,84,4,1894.15,473.54,0,1
CUST_01253,29,Other,Gold,53,26,19,28524.31,1501.28,1,0
CUST_01254,30,Other,Silver,36,12,7,3124.09,446.30,0,0
CUST_01255,48,M,Bronze,5,4,3,686.96,228.99,0,0
CUST_01256,38,Other,Silver,3,36,9,8946.76,994.08,1,0
CUST_01257,45,F,Silver,19,15,7,3147.52,449.65,1,0
CUST_01258,47,Other,Silver,34,51,7,4411.00,630.14,0,0
CUST_01259,43,M,Bronze,41,46,5,1803.03,360.61,0,0
CUST_01260,30,M,Bronze,27,70,5,2448.00,489.60,2,1
CUST_01261,35,F,Bronze,32,1,3,1797.73,599.24,0,0
CUST_01262,59,Other,Gold,9,61,20,12030.30,601.51,0,0
CUST_01263,,M,Bronze,2,1,3,925.82,308.61,0,0
CUST_01264,29,Other,Bronze,7,16,3,1156.00,385.33,0,0
CUST_01265,32,M,Bronze,50,16,5,2064.95,412.99,1,0
CUST_01266,43,M,Gold,1,1,20,20831.38,1041.57,0,0
CUST_01267,41,M,Bronze,15,27,3,1265.47,421.82,0,0
CUST_01268,45,F,Silver,13,5,5,2841.68,568.34,0,0
CUST_01269,43,M,Bronze,16,37,3,1088.04,362.68,0,0
CUST_01270,50,M,Platinum,46,54,16,33833.81,2114.61,0,0
CUST_01271,22,Other,Bronze,45,20,2,787.88,393.94,0,0
CUST_01272,25,Other,Bronze,5,12,2,801.10,400.55,0,0
CUST_01273,37,M,Silver,1,33,8,7023.57,877.95,1,0
CUST_01274,41,M,Bronze,19,63,3,1393.89,464.63,0,1
CUST_01275,46,F,Silver,6,9,8,2285.23,285.65,0,0
CUST_01276,53,F,Bronze,29,1,3,1197.04,399.01,1,0
CUST_01277,37,Other,Bronze,30,20,3,1066.27,355.42,0,0
CUST_01278,30,F,Bronze,6,23,2,547.88,273.94,2,1
CUST_01279,36,F,Silver,7,13,6,4458.77,743.13,2,0
CUST_01280,37,Other,Gold,25,45,15,13740.51,916.03,0,0
CUST_01281,41,F,Bronze,20,3,3,1108.50,369.50,0,0
CUST_01282,18,F,Bronze,4,48,1,426.20,426.20,1,1
CUST_01283,36,F,Bronze,29,6,4,1439.36,359.84,0,0
CUST_01284,57,Other,Platinum,2,9,23,43276.84,1881.60,0,1
CUST_01285,35,M,Silver,21,39,11,8560.57,778.23,0,0
CUST_01286,33,M,Gold,6,34,13,17397.53,1338.27,0,0
CUST_01287,20,M,Platinum,2,13,29,66935.50,2308.12,1,0
CUST_01288,18,F,Silver,1,19,12,9301.78,775.15,0,0
CUST_01289,61,Other,Bronze,7,41,4,1450.60,362.65,0,0
CUST_01290,41,Other,Silver,18,26,8,3412.02,426.50,1,0
CUST_01291,45,F,Silver,72,1,8,5114.03,639.25,0,0
CUST_01292,30,Other,Bronze,51,35,3,820.12,273.37,0,0
CUST_01293,19,M,Bronze,17,19,3,1578.15,526.05,1,0
CUST_01294,62,Other,Bronze,30,99,3,1035.70,345.23,0,1
CUST_01295,46,M,Gold,4,2,14,12363.39,883.10,0,0
CUST_01296,26,Other,Bronze,39,46,4,1543.25,385.81,0,0
CUST_01297,24,F,Bronze,17,1,3,1070.34,356.78,0,0
CUST_01298,47,F,Bronze,9,14,4,1345.80,336.45,2,1
CUST_01299,39,F,Bronze,72,11,3,1082.06,360.69,0,0
CUST_01300,45,Other,Silver,1,17,8,6106.68,763.34,1,0
CUST_01301,43,M,Bronze,4,22,4,1380.73,345.18,1,1
CUST_01302,36,F,Bronze,30,29,5,2325.32,465.06,0,1
CUST_01303,56,F,Gold,48,25,21,19921.85,948.66,0,0
CUST_01304,35,M,Bronze,38,20,2,805.57,402.79,1,0
CUST_01305,32,Other,Platinum,8,15,18,44429.17,2468.29,0,0
CUST_01306,49,F,Silver,5,1,5,2726.13,545.23,0,0
CUST_01307,30,F,Gold,2,30,16,18357.20,1147.33,0,0
CUST_01308,49,M,Bronze,36,63,3,970.51,323.50,1,0
CUST_01309,47,Other,Gold,19,7,12,8415.14,701.26,0,0
CUST_01310,40,M,Silver,1,6,10,7201.41,720.14,1,0
CUST_01311,51,F,Gold,3,8,17,27123.77,1595.52,1,0
CUST_01312,32,Other,Bronze,20,10,3,1098.72,366.24,1,0
CUST_01313,45,M,Bronze,15,23,4,1868.72,467.18,1,1
CUST_01314,35,M,Platinum,4,4,18,42694.27,2371.90,0,0
CUST_01315,48,M,Silver,4,1,6,4601.61,766.93,0,0
CUST_01316,30,M,Bronze,29,1,4,1426.96,356.74,0,0
CUST_01317,32,Other,Gold,2,8,13,15480.59,1190.81,0,0
CUST_01318,37,M,Bronze,20,50,3,761.01,253.67,0,0
CUST_01319,28,F,Gold,10,4,16,20785.07,1299.07,0,0
CUST_01320,32,M,Gold,28,72,11,12915.89,1174.17,0,0
CUST_01321,23,F,Silver,4,22,8,5397.34,674.67,0,0
CUST_01322,32,Other,Gold,5,61,8,9092.48,1136.56,0,0
CUST_01323,38,M,Silver,29,5,7,5250.83,750.12,0,0
CUST_01324,43,Other,Bronze,8,3,4,1731.46,432.87,1,0
CUST_01325,39,F,Bronze,6,67,3,1145.70,381.90,0,0
CUST_01326,20,F,Bronze,3,22,4,857.14,214.28,0,0
CUST_01327,49,F,Bronze,22,34,1,370.80,370.80,0,0
CUST_01328,55,F,Silver,18,26,12,9933.99,827.83,1,0
CUST_01329,35,Other,Bronze,23,29,4,1505.16,376.29,1,0
CUST_01330,52,M,Bronze,25,9,3,917.61,305.87,1,0
CUST_01331,20,Other,Bronze,1,24,5,2091.57,418.31,0,0
CUST_01332,40,F,Bronze,8,3,3,1303.59,434.53,1,0
CUST_01333,33,M,Bronze,19,18,3,976.66,325.55,1,0
CUST_01334,18,F,Bronze,10,1,6,2805.72,467.62,1,0
CUST_01335,26,F,Bronze,1,1,4,1347.22,336.81,1,1
CUST_01336,37,F,Gold,15,15,18,20912.56,1161.81,0,0
CUST_01337,18,M,Bronze,26,45,3,1336.61,445.54,0,0
CUST_01338,48,F,Gold,6,68,14,18117.70,1294.12,0,0
CUST_01339,54,Other,Bronze,17,19,4,1928.88,482.22,0,0
CUST_01340,41,F,Silver,10,1,10,5132.66,513.27,0,0
CUST_01341,55,F,Gold,7,4,10,11806.69,1180.67,0,0
CUST_01342,47,F,Silver,7,36,8,5213.63,651.70,0,0
CUST_01343,47,Other,Silver,4,7,8,6135.91,766.99,0,0
CUST_01344,53,M,Bronze,22,7,4,1891.16,472.79,1,0
CUST_01345,48,Other,Silver,25,10,7,4218.74,602.68,2,1
CUST_01346,36,F,Silver,10,15,8,4952.10,619.01,1,0
CUST_01347,,F,Silver,9,7,7,5480.91,782.99,0,0
CUST_01348,20,Other,Bronze,18,51,3,1003.39,334.46,0,1
CUST_01349,46,F,Bronze,39,1,5,1520.50,304.10,0,0
CUST_01350,35,M,Bronze,13,2,5,2146.92,429.38,0,1
CUST_01351,42,Other,Gold,1,2,12,16877.46,1406.45,0,0
CUST_01352,31,F,Gold,31,43,14,13594.27,971.02,0,0
CUST_01353,61,F,Bronze,23,6,3,893.95,297.98,0,0
CUST_01354,60,F,Silver,31,1,7,4130.62,590.09,0,0
CUST_01355,35,Other,Silver,10,27,11,4683.02,425.73,0,0
CUST_01356,36,M,Bronze,6,5,3,464.70,154.90,0,0
CUST_01357,35,M,Silver,11,1,7,3856.96,550.99,0,0
CUST_01358,33,Other,Gold,17,4,19,24252.83,1276.46,0,0
CUST_01359,26,F,Platinum,20,12,27,71818.06,2659.93,1,0
CUST_01360,55,Other,Bronze,34,33,3,744.30,248.10,0,1
CUST_01361,29,Other,Bronze,19,35,3,1018.07,339.36,0,0
CUST_01362,18,M,Silver,34,22,8,5425.60,678.20,0,0
CUST_01363,40,F,Bronze,16,6,2,722.92,361.46,1,0
CUST_01364,30,M,Gold,5,9,10,10120.47,1012.05,0,0
CUST_01365,20,F,Platinum,3,10,22,33465.38,1521.15,0,0
CUST_01366,40,Other,Gold,4,9,7,8133.34,1161.91,0,0
CUST_01367,36,F,Silver,13,24,7,3876.91,553.84,0,0
CUST_01368,37,M,Platinum,13,2,25,61207.21,2448.29,0,0
CUST_01369,28,F,Platinum,68,39,16,39698.15,2481.13,0,0
CUST_01370,29,Other,Silver,24,21,10,4058.78,405.88,1,0
CUST_01371,42,Other,Platinum,29,24,21,41080.47,1956.21,0,0
CUST_01372,29,F,Gold,9,48,13,21086.38,1622.03,0,1
CUST_01373,44,F,Gold,12,5,17,24352.46,1432.50,0,0
CUST_01374,50,Other,Silver,19,6,6,1910.58,318.43,0,0
CUST_01375,51,F,Bronze,8,30,4,1459.18,364.80,1,0
CUST_01376,34,Other,Bronze,14,24,4,1513.82,378.45,1,0
CUST_01377,60,M,Bronze,8,15,3,1135.88,378.63,1,1
CUST_01378,25,Other,Bronze,17,7,3,1617.23,539.08,0,0
CUST_01379,39,F,Gold,1,27,15,14236.01,949.07,0,0
CUST_01380,41,M,Gold,19,12,13,19345.04,1488.08,0,0
CUST_01381,31,M,Bronze,72,22,2,744.76,372.38,0,0
CUST_01382,67,F,Gold,9,47,14,12294.76,878.20,1,1
CUST_01383,23,F,Bronze,39,13,3,1028.31,342.77,0,0
CUST_01384,18,F,Bronze,6,12,5,1914.00,382.80,1,0
CUST_01385,43,F,Silver,69,7,4,2474.36,618.59,0,0
CUST_01386,27,F,Gold,12,24,16,23532.67,1470.79,0,0
CUST_01387,43,M,Bronze,6,23,4,1646.81,411.70,2,1
CUST_01388,52,M,Gold,2,41,8,9960.47,1245.06,0,0
CUST_01389,43,Other,Silver,24,33,9,4305.56,478.40,0,0
CUST_01390,38,M,Silver,8,53,5,3457.58,691.52,0,1
CUST_01391,50,Other,Bronze,64,33,2,732.10,366.05,0,0
CUST_01392,64,M,Gold,5,19,11,11545.62,1049.60,0,0
CUST_01393,50,F,Platinum,1,64,24,52290.19,2178.76,1,0
CUST_01394,23,F,Bronze,1,7,4,1586.51,396.63,0,0
CUST_01395,36,Other,Bronze,1,9,4,1533.72,383.43,1,0
CUST_01396,43,M,Silver,1,32,10,3218.75,321.88,0,1
CUST_01397,42,F,Bronze,10,19,4,1587.94,396.99,1,0
CUST_01398,24,F,Bronze,20,24,3,1057.72,352.57,1,0
CUST_01399,52,Other,Gold,2,13,16,16951.25,1059.45,0,0
CUST_01400,32,Other,Silver,1,1,9,6005.87,667.32,0,0
CUST_01401,29,M,Gold,1,9,19,24147.57,1270.92,0,0
CUST_01402,38,M,Silver,1,1,7,4035.10,576.44,1,0
CUST_01403,45,F,Bronze,24,3,3,1221.33,407.11,1,1
CUST_01404,41,F,Bronze,3,11,6,2348.77,391.46,0,0
CUST_01405,39,F,Gold,5,9,7,8527.90,1218.27,0,0
CUST_01406,42,F,Gold,3,33,18,21386.45,1188.14,1,0
CUST_01407,44,Other,Bronze,26,8,4,1014.98,253.75,1,0
CUST_01408,31,F,Silver,23,21,8,4507.60,563.45,1,0
CUST_01409,22,F,Bronze,15,25,2,624.35,312.18,1,0
CUST_01410,40,Other,Bronze,8,80,3,998.80,332.93,1,1
CUST_01411,38,F,Bronze,5,25,3,1611.29,537.10,1,0
CUST_01412,18,F,Bronze,34,29,4,1856.69,464.17,2,0
CUST_01413,47,Other,Bronze,4,5,3,835.06,278.35,0,0
CUST_01414,25,Other,Gold,24,4,10,13549.95,1355.00,1,0
CUST_01415,43,F,Bronze,1,25,3,1370.62,456.87,0,0
CUST_01416,20,M,Bronze,50,8,2,589.24,294.62,0,0
CUST_01417,57,M,Silver,2,20,8,4555.74,569.47,0,0
CUST_01418,22,M,Bronze,35,28,3,1034.51,344.84,0,0
CUST_01419,42,F,Bronze,12,5,5,1990.18,398.04,0,0
CUST_01420,41,M,Silver,9,16,3,1369.92,456.64,0,0
CUST_01421,36,F,Bronze,2,8,2,802.85,401.43,0,0
CUST_01422,30,M,Gold,24,119,17,17682.45,1040.14,0,1
CUST_01423,18,F,Silver,11,34,10,4472.45,447.25,0,0
CUST_01424,42,M,Silver,19,120,11,8730.70,793.70,1,1
CUST_01425,34,Other,Bronze,72,1,5,1700.62,340.12,0,0
CUST_01426,41,M,Bronze,7,37,4,1823.35,455.84,0,0
CUST_01427,35,F,Bronze,4,89,5,2082.92,416.58,2,1
CUST_01428,46,M,Silver,1,1,3,1307.85,435.95,0,0
CUST_01429,59,M,Silver,1,120,6,4186.43,697.74,0,1
CUST_01430,22,Other,Silver,26,1,6,3270.10,545.02,2,1
CUST_01431,46,M,Gold,46,12,18,20524.23,1140.23,0,0
CUST_01432,31,F,Bronze,33,5,3,764.34,254.78,0,0
CUST_01433,66,F,Bronze,1,1,1,162.90,162.90,1,1
CUST_01434,42,Other,Bronze,1,38,3,1428.44,476.15,1,1
CUST_01435,39,Other,Bronze,20,65,4,1935.82,483.95,0,1
CUST_01436,42,Other,Silver,19,8,7,5826.56,832.37,1,0
CUST_01437,28,Other,Bronze,47,5,5,1219.63,243.93,1,0
CUST_01438,42,F,Bronze,27,2,3,1373.35,457.78,0,0
CUST_01439,43,Other,Platinum,3,25,23,59241.84,2575.73,0,0
CUST_01440,46,M,Bronze,16,14,4,1361.47,340.37,0,0
CUST_01441,34,M,Bronze,19,33,4,1535.14,383.79,0,0
CUST_01442,37,Other,Silver,14,30,7,4369.80,624.26,1,0
CUST_01443,27,Other,Bronze,1,11,3,869.95,289.98,0,0
CUST_01444,28,M,Bronze,8,17,5,2461.57,492.31,0,0
CUST_01445,,M,Bronze,19,12,4,1814.70,453.68,0,1
CUST_01446,46,Other,Gold,2,6,15,21496.59,1433.11,0,0
CUST_01447,43,Other,Silver,27,2,6,5949.32,991.55,0,0
CUST_01448,34,M,Platinum,29,2,23,56737.54,2466.85,0,0
CUST_01449,32,M,Gold,19,3,14,17986.35,1284.74,0,0
CUST_01450,46,M,Gold,13,11,15,14191.49,946.10,0,0
CUST_01451,55,M,Silver,29,6,8,5571.11,696.39,0,0
CUST_01452,27,M,Bronze,61,71,2,841.94,420.97,0,0
CUST_01453,39,M,Bronze,18,68,3,972.29,324.10,1,0
CUST_01454,30,F,Gold,1,1,15,19321.43,1288.10,0,0
CUST_01455,45,F,Silver,36,3,7,4667.05,666.72,0,0
CUST_01456,34,M,Bronze,38,3,5,2056.00,411.20,0,0
CUST_01457,36,F,Gold,12,60,14,11285.24,806.09,0,0
CUST_01458,20,Other,Bronze,4,27,3,1084.06,361.35,0,0
CUST_01459,39,Other,Silver,6,10,11,6566.90,596.99,1,0
CUST_01460,22,F,Silver,5,21,6,3775.40,629.23,0,0
CUST_01461,27,M,Gold,13,40,10,9891.79,989.18,0,0
CUST_01462,30,M,Gold,8,56,16,22115.02,1382.19,0,0
CUST_01463,40,F,Bronze,41,1,5,1562.10,312.42,1,0
CUST_01464,35,F,Silver,34,8,5,2894.99,579.00,2,0
CUST_01465,28,F,Silver,20,6,11,7837.84,712.53,1,0
CUST_01466,38,M,Silver,6,31,6,2881.98,480.33,2,1
CUST_01467,,M,Gold,15,1,14,18612.90,1329.49,1,0
CUST_01468,36,F,Bronze,25,6,4,1853.24,463.31,1,0
CUST_01469,41,F,Bronze,13,41,4,1304.96,326.24,0,0
CUST_01470,45,F,Gold,21,22,18,19752.17,1097.34,0,0
CUST_01471,41,M,Bronze,11,65,4,1587.97,396.99,1,1
CUST_01472,46,F,Silver,72,1,6,3972.69,662.12,1,0
CUST_01473,42,Other,Bronze,1,18,5,2230.79,446.16,0,0
CUST_01474,50,F,Silver,18,5,9,4855.25,539.47,0,0
CUST_01475,53,F,Silver,18,14,8,4725.51,590.69,1,0
CUST_01476,30,F,Silver,8,87,5,2869.86,573.97,1,1
CUST_01477,44,M,Gold,7,40,13,16652.45,1280.96,1,1
CUST_01478,,Other,Gold,6,11,11,11171.64,1015.60,0,0
CUST_01479,37,M,Bronze,17,60,2,958.36,479.18,0,0
CUST_01480,27,F,Bronze,19,26,4,1526.87,381.72,0,1
CUST_01481,18,Other,Bronze,14,13,3,1465.61,488.54,1,1
CUST_01482,42,M,Silver,20,14,8,3730.19,466.27,1,0
CUST_01483,38,Other,Silver,13,22,9,6424.29,713.81,0,0
CUST_01484,35,M,Bronze,12,2,5,2193.79,438.76,0,0
CUST_01485,45,M,Gold,5,34,13,11170.97,859.31,0,0
CUST_01486,43,M,Bronze,19,17,4,1214.63,303.66,1,1
CUST_01487,54,F,Silver,14,40,7,3716.81,530.97,0,1
CUST_01488,57,F,Bronze,1,8,2,952.02,476.01,0,0
CUST_01489,29,M,Bronze,28,6,4,1603.81,400.95,0,0
CUST_01490,33,F,Platinum,43,16,38,100616.09,2647.79,0,0
CUST_01491,18,M,Silver,12,22,4,2825.79,706.45,1,0
CUST_01492,34,M,Bronze,2,1,4,1383.02,345.75,0,0
CUST_01493,28,F,Bronze,20,50,3,1177.94,392.65,0,0
CUST_01494,49,Other,Bronze,1,14,6,2340.76,390.13,0,0
CUST_01495,50,M,Bronze,27,11,4,1691.58,422.89,0,0
CUST_01496,18,Other,Platinum,21,32,28,92689.80,3310.35,0,0
CUST_01497,18,M,Bronze,13,29,4,1583.77,395.94,0,0
CUST_01498,44,Other,Silver,52,105,9,6389.35,709.93,1,1
CUST_01499,40,Other,Silver,5,1,8,6263.97,783.00,0,0
CUST_01500,29,F,Silver,33,38,9,6289.71,698.86,0,1
CUST_01501,50,F,Bronze,53,1,5,2335.18,467.04,0,0
CUST_01502,52,Other,Bronze,72,5,5,2232.63,446.53,0,0
CUST_01503,18,Other,Silver,9,32,7,3640.61,520.09,0,0
CUST_01504,32,M,Gold,37,22,12,22676.42,1889.70,0,0
CUST_01505,37,F,Bronze,17,36,3,1384.41,461.47,1,1
CUST_01506,24,F,Bronze,41,8,2,867.89,433.94,1,0
CUST_01507,50,Other,Gold,4,18,11,9438.61,858.06,0,0
CUST_01508,37,M,Bronze,4,10,4,1248.08,312.02,1,1
CUST_01509,31,Other,Bronze,13,6,5,1776.64,355.33,1,0
CUST_01510,36,M,Silver,6,8,7,5894.25,842.04,1,0
CUST_01511,59,F,Bronze,11,60,5,2547.92,509.58,1,1
CUST_01512,34,F,Bronze,2,18,2,431.63,215.81,2,1
CUST_01513,50,M,Bronze,15,31,4,1580.23,395.06,1,0
CUST_01514,47,F,Bronze,69,5,4,1625.77,406.44,1,0
CUST_01515,27,F,Silver,5,75,9,7383.13,820.35,0,1
CUST_01516,41,M,Silver,1,58,9,5525.85,613.98,0,1
CUST_01517,29,M,Bronze,11,50,3,1604.77,534.92,0,1
CUST_01518,30,M,Bronze,25,14,3,834.06,278.02,0,0
CUST_01519,,F,Bronze,2,18,5,2275.61,455.12,0,0
CUST_01520,18,F,Silver,14,15,6,5030.89,838.48,0,0
CUST_01521,41,F,Platinum,28,15,35,115031.26,3286.61,0,0
CUST_01522,,F,Silver,11,17,7,4517.16,645.31,0,0
CUST_01523,43,F,Gold,22,8,13,17227.30,1325.18,1,0
CUST_01524,47,Other,Silver,31,27,7,4952.51,707.50,0,0
CUST_01525,35,F,Silver,15,16,5,2521.61,504.32,1,0
CUST_01526,28,M,Bronze,16,28,4,1300.27,325.07,0,0
CUST_01527,55,F,Bronze,31,8,4,1813.81,453.45,1,0
CUST_01528,,Other,Bronze,32,21,2,767.31,383.65,0,0
CUST_01529,54,M,Silver,9,35,8,4270.92,533.87,1,0
CUST_01530,40,Other,Bronze,1,30,3,1340.26,446.75,0,1
CUST_01531,26,Other,Bronze,5,15,4,1347.03,336.76,1,0
CUST_01532,39,Other,Silver,7,56,9,5398.16,599.80,0,0
CUST_01533,45,F,Platinum,22,64,26,71586.22,2753.32,0,0
CUST_01534,38,F,Bronze,72,17,3,1354.80,451.60,1,0
CUST_01535,28,Other,Bronze,35,22,3,1322.49,440.83,1,0
CUST_01536,40,Other,Silver,2,19,8,4972.78,621.60,0,0
CUST_01537,42,F,Silver,7,5,8,6524.52,815.57,1,0
CUST_01538,35,Other,Silver,72,9,3,1449.71,483.24,1,0
CUST_01539,39,F,Bronze,1,32,1,301.35,301.35,0,0
CUST_01540,25,Other,Bronze,50,48,3,1072.29,357.43,0,0
CUST_01541,40,M,Bronze,14,71,5,1920.05,384.01,0,1
CUST_01542,46,F,Silver,9,2,8,5332.48,666.56,0,0
CUST_01543,18,F,Platinum,20,14,23,71822.52,3122.72,0,0
CUST_01544,42,M,Gold,33,51,7,9406.05,1343.72,0,0
CUST_01545,64,Other,Silver,4,37,10,6589.28,658.93,2,1
CUST_01546,25,M,Platinum,1,21,18,46434.81,2579.71,0,0
CUST_01547,26,M,Silver,25,2,8,5618.80,702.35,0,0
CUST_01548,26,F,Silver,14,79,8,4557.56,569.70,1,1
CUST_01549,36,Other,Silver,38,38,7,5641.77,805.97,2,1
CUST_01550,27,Other,Gold,13,21,16,17606.10,1100.38,0,0
CUST_01551,47,F,Silver,18,28,7,4017.68,573.95,0,1
CUST_01552,20,Other,Silver,2,10,6,3037.18,506.20,0,0
CUST_01553,43,F,Silver,3,20,6,4830.65,805.11,0,0
CUST_01554,60,M,Bronze,10,55,2,786.07,393.04,0,0
CUST_01555,56,Other,Platinum,35,50,28,61031.99,2179.71,0,0
CUST_01556,60,Other,Bronze,1,26,5,1905.31,381.06,0,0
CUST_01557,24,Other,Platinum,14,54,19,37991.62,1999.56,0,1
CUST_01558,44,F,Bronze,1,52,4,1493.48,373.37,0,0
CUST_01559,28,F,Silver,62,12,6,3453.88,575.65,0,0
CUST_01560,44,F,Gold,18,1,11,13579.73,1234.52,0,0
CUST_01561,46,M,Gold,42,26,23,23805.79,1035.03,0,0
CUST_01562,39,Other,Silver,72,29,12,6300.08,525.01,2,0
CUST_01563,38,Other,Platinum,8,13,18,43034.92,2390.83,0,0
CUST_01564,53,M,Silver,5,11,5,3221.24,644.25,1,0
CUST_01565,61,Other,Gold,7,51,8,10610.54,1326.32,1,1
CUST_01566,32,F,Silver,47,26,11,9045.95,822.36,0,0
CUST_01567,44,M,Silver,4,1,13,7473.66,574.90,0,0
CUST_01568,59,M,Bronze,26,26,3,1182.05,394.02,0,0
CUST_01569,37,Other,Bronze,16,10,4,1241.88,310.47,0,0
CUST_01570,36,Other,Bronze,3,7,4,1039.04,259.76,0,1
CUST_01571,33,Other,Gold,15,29,23,16029.69,696.94,0,0
CUST_01572,47,Other,Gold,7,24,14,15816.40,1129.74,0,0
CUST_01573,47,M,Bronze,1,3,4,1510.22,377.56,0,0
CUST_01574,43,M,Bronze,4,1,5,2330.36,466.07,0,0
CUST_01575,29,M,Silver,32,10,4,3331.99,833.00,1,0
CUST_01576,38,F,Bronze,36,12,4,1654.85,413.71,1,0
CUST_01577,43,F,Gold,7,29,11,10143.79,922.16,0,0
CUST_01578,33,M,Platinum,5,35,19,59170.74,3114.25,0,0
CUST_01579,29,F,Silver,41,9,7,4924.40,703.49,0,0
CUST_01580,30,M,Bronze,3,46,1,336.21,336.21,0,1
CUST_01581,44,F,Silver,31,11,7,3260.43,465.78,1,0
CUST_01582,18,F,Gold,1,7,18,30261.10,1681.17,1,0
CUST_01583,53,F,Bronze,4,23,4,1464.22,366.06,0,0
CUST_01584,18,M,Silver,50,9,5,3819.57,763.91,0,0
CUST_01585,50,Other,Silver,9,6,10,7547.68,754.77,0,0
CUST_01586,42,Other,Gold,13,1,8,5859.01,732.38,0,0
CUST_01587,41,Other,Gold,9,11,16,20558.61,1284.91,0,0
CUST_01588,44,M,Bronze,8,11,4,1686.07,421.52,1,1
CUST_01589,22,Other,Bronze,40,18,3,1052.69,350.90,0,0
CUST_01590,20,F,Gold,20,48,20,20740.14,1037.01,0,0
CUST_01591,39,F,Silver,2,27,8,4670.19,583.77,0,0
CUST_01592,46,F,Gold,12,46,7,9864.22,1409.17,1,0
CUST_01593,18,F,Bronze,16,7,4,1410.11,352.53,0,0
CUST_01594,19,F,Gold,8,20,16,17371.94,1085.75,0,0
CUST_01595,48,Other,Bronze,35,1,2,752.55,376.27,0,0
CUST_01596,48,Other,Gold,5,17,18,14754.89,819.72,0,0
CUST_01597,,Other,Bronze,9,35,4,1940.43,485.11,1,1
CUST_01598,41,M,Bronze,21,28,2,743.09,371.55,0,0
CUST_01599,41,F,Bronze,39,44,2,675.88,337.94,0,1
CUST_01600,34,M,Bronze,1,9,4,1602.17,400.54,0,0
CUST_01601,32,F,Gold,24,28,17,26437.65,1555.16,0,0
CUST_01602,40,M,Gold,4,20,11,12645.84,1149.62,0,0
CUST_01603,38,F,Silver,12,30,9,5110.21,567.80,0,0
CUST_01604,35,Other,Silver,27,84,8,6182.69,772.84,0,1
CUST_01605,25,Other,Silver,32,9,10,7110.85,711.09,1,0
CUST_01606,52,F,Silver,28,9,10,6425.98,642.60,1,0
CUST_01607,30,F,Silver,10,17,9,5959.13,662.13,1,0
CUST_01608,38,M,Gold,33,6,10,11305.28,1130.53,0,0
CUST_01609,23,Other,Bronze,1,11,5,1945.68,389.14,1,0
CUST_01610,29,F,Bronze,2,29,4,1982.36,495.59,0,0
CUST_01611,46,M,Gold,3,13,16,19177.73,1198.61,0,0
CUST_01612,41,F,Silver,3,27,6,3439.53,573.25,1,1
CUST_01613,55,F,Gold,9,16,14,18615.30,1329.66,0,0
CUST_01614,28,M,Gold,4,20,17,20943.78,1231.99,0,1
CUST_01615,23,Other,Bronze,23,29,4,1765.89,441.47,1,0
CUST_01616,54,Other,Bronze,18,16,5,2217.92,443.58,0,0
CUST_01617,40,Other,Platinum,2,2,22,44642.00,2029.18,0,0
CUST_01618,43,F,Silver,10,21,8,6249.46,781.18,0,1
CUST_01619,31,Other,Silver,32,18,9,5830.30,647.81,1,0
CUST_01620,23,M,Bronze,36,2,4,1694.76,423.69,1,0
CUST_01621,48,Other,Bronze,17,27,3,1620.17,540.06,0,1
CUST_01622,42,Other,Bronze,35,2,5,1301.93,260.39,1,0
CUST_01623,57,M,Gold,24,34,13,18948.70,1457.59,0,0
CUST_01624,49,F,Silver,40,18,6,3515.01,585.84,0,0
CUST_01625,18,F,Silver,2,5,11,7897.86,717.99,0,0
CUST_01626,44,F,Bronze,4,102,5,2192.65,438.53,2,1
CUST_01627,18,M,Bronze,1,47,4,1366.94,341.74,1,1
CUST_01628,43,M,Bronze,26,17,4,1346.75,336.69,1,0
CUST_01629,27,Other,Gold,2,16,7,7914.86,1130.69,1,0
CUST_01630,54,M,Bronze,29,1,3,837.61,279.20,0,0
CUST_01631,54,M,Gold,36,57,17,21997.08,1293.95,0,0
CUST_01632,45,F,Silver,9,21,11,7072.84,642.99,1,0
CUST_01633,28,F,Bronze,4,1,3,1163.21,387.74,2,0
CUST_01634,20,Other,Bronze,15,29,3,977.98,325.99,2,1
CUST_01635,21,F,Silver,24,23,4,2711.48,677.87,1,0
CUST_01636,44,F,Bronze,12,1,5,2165.17,433.03,2,0
CUST_01637,26,F,Bronze,19,30,4,1989.87,497.47,0,0
CUST_01638,41,M,Bronze,17,52,4,1637.03,409.26,0,0
CUST_01639,43,F,Bronze,6,1,3,1221.24,407.08,0,0
CUST_01640,47,Other,Gold,5,27,20,22618.45,1130.92,0,0
CUST_01641,38,Other,Bronze,9,30,3,1245.70,415.23,0,0
CUST_01642,47,M,Bronze,29,8,4,1417.61,354.40,1,0
CUST_01643,44,F,Bronze,31,3,4,2008.95,502.24,0,0
CUST_01644,18,M,Gold,19,43,14,21155.84,1511.13,0,0
CUST_01645,36,Other,Platinum,1,78,33,76661.48,2323.08,1,0
CUST_01646,48,F,Gold,15,6,13,14257.01,1096.69,0,0
CUST_01647,28,F,Silver,1,24,6,4069.49,678.25,2,1
CUST_01648,43,M,Bronze,3,34,3,1121.23,373.74,1,0
CUST_01649,30,F,Bronze,11,2,3,1408.83,469.61,0,0
CUST_01650,36,M,Gold,3,7,10,9815.62,981.56,0,0
CUST_01651,36,M,Bronze,30,1,4,1637.35,409.34,0,0
CUST_01652,48,Other,Platinum,16,52,19,58510.52,3079.50,0,0
CUST_01653,18,M,Bronze,4,22,4,1702.74,425.69,0,0
CUST_01654,47,F,Bronze,25,40,4,1431.60,357.90,1,0
CUST_01655,67,Other,Silver,18,27,5,2560.54,512.11,0,0
CUST_01656,27,M,Silver,11,47,6,2910.61,485.10,0,0
CUST_01657,58,Other,Bronze,1,1,4,1549.79,387.45,0,0
CUST_01658,32,F,Bronze,11,11,1,318.56,318.56,0,0
CUST_01659,36,F,Silver,8,27,5,3158.34,631.67,2,0
CUST_01660,28,M,Silver,18,14,3,1874.77,624.92,0,0
CUST_01661,27,Other,Bronze,9,48,5,1079.93,215.99,0,0
CUST_01662,49,M,Gold,28,14,19,15807.04,831.95,0,0
CUST_01663,39,F,Gold,7,98,13,14647.01,1126.69,0,1
CUST_01664,19,M,Gold,6,120,15,21339.56,1422.64,0,1
CUST_01665,,Other,Bronze,14,1,4,1318.15,329.54,1,0
CUST_01666,39,F,Gold,2,19,14,14628.30,1044.88,0,0
CUST_01667,42,Other,Gold,35,3,21,30549.78,1454.75,0,0
CUST_01668,38,F,Bronze,9,1,3,1221.91,407.30,1,0
CUST_01669,41,M,Silver,16,34,10,6315.33,631.53,0,0
CUST_01670,42,M,Silver,1,31,9,5833.40,648.16,0,0
CUST_01671,45,M,Silver,39,4,6,3539.19,589.87,0,0
CUST_01672,21,Other,Silver,43,61,7,3234.70,462.10,0,0
CUST_01673,39,M,Silver,18,70,6,4555.73,759.29,0,1
CUST_01674,44,M,Gold,36,81,20,25157.55,1257.88,0,0
CUST_01675,36,F,Bronze,36,13,4,1360.48,340.12,1,0
CUST_01676,46,M,Gold,18,5,16,18242.17,1140.14,0,0
CUST_01677,29,F,Gold,8,11,13,13278.30,1021.41,0,0
CUST_01678,39,M,Silver,9,7,13,12035.36,925.80,0,0
CUST_01679,18,Other,Silver,44,35,11,7402.89,672.99,0,0
CUST_01680,33,F,Silver,30,21,7,4568.77,652.68,0,0
CUST_01681,32,Other,Silver,9,9,5,3966.57,793.31,1,0
CUST_01682,44,M,Bronze,1,32,6,1808.52,301.42,0,1
CUST_01683,30,Other,Bronze,22,33,3,851.04,283.68,1,0
CUST_01684,,Other,Bronze,8,3,3,621.12,207.04,1,0
CUST_01685,35,Other,Bronze,4,6,3,1102.65,367.55,0,0
CUST_01686,37,M,Gold,20,24,15,10945.92,729.73,1,1
CUST_01687,58,Other,Bronze,1,16,4,1303.47,325.87,0,0
CUST_01688,37,Other,Bronze,5,8,5,1835.59,367.12,1,0
CUST_01689,37,Other,Gold,3,32,15,18850.91,1256.73,0,0
CUST_01690,59,Other,Silver,35,13,10,8820.99,882.10,0,0
CUST_01691,44,M,Bronze,20,1,4,1339.20,334.80,1,0
CUST_01692,29,F,Bronze,54,68,4,1566.77,391.69,0,1
CUST_01693,28,Other,Gold,1,21,13,13450.99,1034.69,1,0
CUST_01694,56,M,Bronze,29,45,7,2913.88,416.27,0,0
CUST_01695,43,F,Silver,6,35,10,5026.80,502.68,0,0
CUST_01696,44,Other,Bronze,5,12,4,1492.86,373.21,1,0
CUST_01697,42,Other,Gold,15,34,14,17080.70,1220.05,1,1
CUST_01698,44,Other,Bronze,11,5,3,1221.99,407.33,0,0
CUST_01699,38,Other,Bronze,3,1,4,1719.61,429.90,0,0
CUST_01700,34,Other,Bronze,22,56,5,1309.00,261.80,0,0
CUST_01701,31,M,Silver,24,30,11,7353.28,668.48,2,1
CUST_01702,48,F,Silver,1,13,9,3934.64,437.18,0,0
CUST_01703,23,Other,Gold,29,1,17,29374.99,1727.94,0,0
CUST_01704,26,F,Bronze,25,45,4,1410.31,352.58,0,1
CUST_01705,50,M,Silver,9,17,10,7892.76,789.28,1,0
CUST_01706,48,Other,Gold,32,21,13,14311.20,1100.86,0,0
CUST_01707,18,Other,Bronze,1,10,4,1575.02,393.75,1,0
CUST_01708,47,F,Gold,14,15,13,15072.70,1159.44,0,0
CUST_01709,25,M,Silver,17,33,4,2591.29,647.82,1,0
CUST_01710,34,M,Bronze,22,1,3,1018.96,339.65,0,0
CUST_01711,36,Other,Platinum,9,40,20,57224.16,2861.21,0,0
CUST_01712,38,M,Gold,39,7,15,21486.94,1432.46,0,0
CUST_01713,51,M,Gold,18,89,16,16232.95,1014.56,0,1
CUST_01714,39,M,Bronze,33,14,4,1762.59,440.65,1,0
CUST_01715,20,M,Bronze,21,60,3,815.32,271.77,0,1
CUST_01716,49,F,Gold,2,22,14,24649.83,1760.70,0,0
CUST_01717,36,M,Silver,16,27,7,2770.46,395.78,1,0
CUST_01718,38,M,Bronze,22,7,4,1923.99,481.00,0,0
CUST_01719,38,Other,Silver,6,22,9,5869.87,652.21,0,0
CUST_01720,45,M,Bronze,4,11,3,1450.14,483.38,1,0
CUST_01721,42,F,Bronze,23,17,3,1202.30,400.77,0,0
CUST_01722,43,M,Gold,7,29,10,14988.83,1498.88,1,0
CUST_01723,29,F,Silver,3,19,5,4354.44,870.89,0,0
CUST_01724,35,Other,Silver,10,32,8,4380.77,547.60,0,0
CUST_01725,35,M,Bronze,29,6,4,2007.98,502.00,0,0
CUST_01726,31,F,Bronze,4,69,4,1397.25,349.31,1,1
CUST_01727,20,Other,Silver,5,30,4,2816.61,704.15,0,0
CUST_01728,34,Other,Gold,47,13,19,21774.77,1146.04,0,0
CUST_01729,28,M,Bronze,5,13,3,1160.37,386.79,0,0
CUST_01730,36,M,Bronze,16,6,4,1404.88,351.22,0,0
CUST_01731,30,F,Bronze,2,38,4,1587.05,396.76,0,0
CUST_01732,34,M,Bronze,13,35,3,1181.26,393.75,0,0
CUST_01733,26,F,Silver,13,7,8,5013.93,626.74,0,0
CUST_01734,35,F,Gold,3,8,14,23213.07,1658.08,0,0
CUST_01735,37,Other,Bronze,72,16,3,1322.56,440.85,0,0
CUST_01736,29,M,Bronze,39,16,5,1831.49,366.30,2,0
CUST_01737,41,Other,Bronze,4,64,4,1673.91,418.48,0,1
CUST_01738,31,M,Bronze,24,64,2,862.12,431.06,1,1
CUST_01739,57,M,Platinum,23,47,30,57042.72,1901.42,0,0
CUST_01740,32,M,Silver,1,4,6,4149.36,691.56,1,0
CUST_01741,24,M,Silver,1,20,8,5237.03,654.63,0,0
CUST_01742,26,Other,Silver,1,17,4,2115.20,528.80,0,1
CUST_01743,34,M,Silver,3,5,6,5308.13,884.69,1,0
CUST_01744,39,Other,Gold,7,21,8,9311.47,1163.93,1,0
CUST_01745,35,F,Bronze,6,23,3,927.15,309.05,0,0
CUST_01746,,M,Silver,1,49,7,4726.64,675.23,0,1
CUST_01747,21,F,Silver,52,29,6,3785.73,630.96,1,0
CUST_01748,18,Other,Bronze,2,10,4,1515.24,378.81,1,0
CUST_01749,45,F,Gold,19,29,14,14740.14,1052.87,0,0
CUST_01750,26,F,Bronze,5,84,3,1009.33,336.44,0,1
CUST_01751,,Other,Silver,2,49,6,1918.02,319.67,0,1
CUST_01752,40,M,Silver,16,44,4,2202.56,550.64,1,0
CUST_01753,51,Other,Gold,5,25,21,26065.08,1241.19,0,0
CUST_01754,22,M,Bronze,6,15,1,378.59,378.59,2,0
CUST_01755,36,M,Silver,12,41,6,4151.03,691.84,0,0
CUST_01756,34,F,Silver,4,69,5,2476.56,495.31,1,1
CUST_01757,45,F,Bronze,11,23,5,2621.41,524.28,1,0
CUST_01758,48,Other,Gold,5,1,15,12610.86,840.72,0,0
CUST_01759,36,Other,Bronze,24,11,4,1602.73,400.68,0,0
CUST_01760,27,Other,Bronze,72,39,3,971.60,323.87,0,0
CUST_01761,33,F,Silver,10,3,5,2749.10,549.82,0,0
CUST_01762,44,F,Silver,1,5,4,1690.57,422.64,0,0
CUST_01763,32,M,Bronze,20,6,5,1251.94,250.39,0,0
CUST_01764,39,Other,Bronze,59,5,3,1207.93,402.64,0,0
CUST_01765,52,F,Gold,26,14,12,10914.15,909.51,1,0
CUST_01766,47,F,Platinum,19,6,34,74532.86,2192.14,0,0
CUST_01767,39,Other,Gold,13,14,13,14436.82,1110.52,0,0
CUST_01768,44,F,Bronze,19,9,5,2100.12,420.02,1,0
CUST_01769,41,F,Gold,29,50,10,8815.18,881.52,1,1
CUST_01770,31,M,Silver,3,28,6,3638.05,606.34,1,1
CUST_01771,42,Other,Gold,42,10,9,11897.57,1321.95,2,0
CUST_01772,35,F,Silver,18,19,6,3699.53,616.59,0,0
CUST_01773,18,Other,Gold,5,17,14,19686.00,1406.14,0,0
CUST_01774,52,F,Bronze,7,92,4,1639.14,409.79,0,1
CUST_01775,39,F,Silver,37,12,7,4042.66,577.52,2,1
CUST_01776,,M,Bronze,63,6,3,1015.74,338.58,0,0
CUST_01777,26,F,Silver,3,2,9,6422.79,713.64,1,0
CUST_01778,23,F,Silver,30,6,6,4117.83,686.30,2,1
CUST_01779,26,M,Silver,11,2,5,2750.38,550.08,0,0
CUST_01780,38,F,Bronze,43,39,2,402.57,201.28,0,0
CUST_01781,33,F,Bronze,19,3,3,1382.22,460.74,0,0
CUST_01782,37,Other,Bronze,9,19,3,916.36,305.45,0,1
CUST_01783,45,F,Bronze,5,57,4,1449.06,362.26,0,1
CUST_01784,39,F,Bronze,23,35,3,881.19,293.73,0,0
CUST_01785,59,Other,Bronze,26,11,4,1563.31,390.83,1,0
CUST_01786,34,M,Bronze,4,40,3,1294.96,431.65,0,0
CUST_01787,21,Other,Bronze,1,4,3,1201.73,400.58,0,0
CUST_01788,44,F,Silver,8,75,7,3644.44,520.63,0,1
CUST_01789,28,Other,Silver,12,16,10,7755.25,775.52,0,0
CUST_01790,18,Other,Bronze,2,60,3,1132.90,377.63,0,1
CUST_01791,30,Other,Silver,16,5,7,3447.23,492.46,1,0
CUST_01792,38,M,Gold,10,1,11,11766.61,1069.69,0,0
CUST_01793,52,Other,Silver,18,46,4,3008.58,752.14,0,0
CUST_01794,38,Other,Gold,24,32,17,11816.22,695.07,0,0
CUST_01795,36,F,Gold,6,8,22,24865.32,1130.24,0,0
CUST_01796,19,F,Silver,72,12,9,7251.17,805.69,0,0
CUST_01797,20,M,Gold,22,8,10,7513.16,751.32,0,0
CUST_01798,51,M,Bronze,10,8,3,1129.83,376.61,0,0
CUST_01799,39,M,Silver,4,17,6,3630.37,605.06,3,1
CUST_01800,51,Other,Bronze,35,33,4,1843.45,460.86,0,0
CUST_01801,47,Other,Silver,9,6,11,8140.21,740.02,1,0
CUST_01802,39,M,Gold,10,11,10,15383.08,1538.31,0,0
CUST_01803,29,M,Silver,3,34,9,5920.06,657.78,0,0
CUST_01804,55,M,Bronze,14,13,3,1295.01,431.67,2,1
CUST_01805,34,F,Bronze,3,71,3,1160.53,386.84,2,1
CUST_01806,39,F,Gold,30,55,18,26990.30,1499.46,0,0
CUST_01807,37,F,Bronze,7,3,4,1315.61,328.90,1,0
CUST_01808,34,Other,Bronze,11,44,3,1359.09,453.03,0,0
CUST_01809,48,M,Silver,27,10,6,5462.59,910.43,1,0
CUST_01810,36,F,Bronze,59,58,3,1114.48,371.49,0,0
CUST_01811,38,F,Bronze,29,16,3,1496.19,498.73,0,0
CUST_01812,27,Other,Bronze,4,22,4,1626.27,406.57,0,0
CUST_01813,61,Other,Platinum,42,20,26,86177.62,3314.52,0,0
CUST_01814,30,M,Silver,26,4,5,3823.37,764.67,0,0
CUST_01815,37,M,Silver,28,4,9,6395.18,710.58,0,0
CUST_01816,34,F,Bronze,3,20,5,1936.02,387.20,0,0
CUST_01817,,M,Silver,2,1,10,5616.76,561.68,0,0
CUST_01818,35,M,Bronze,5,12,2,552.39,276.19,0,0
CUST_01819,59,M,Bronze,37,9,4,1485.86,371.46,0,0
CUST_01820,32,M,Bronze,1,50,3,930.36,310.12,1,0
CUST_01821,35,F,Bronze,15,11,1,420.15,420.15,0,0
CUST_01822,24,F,Bronze,28,49,4,1090.30,272.57,2,1
CUST_01823,29,Other,Silver,12,2,8,5118.25,639.78,0,0
CUST_01824,26,M,Silver,1,3,7,4981.03,711.58,0,0
CUST_01825,21,F,Bronze,21,87,3,1121.20,373.73,0,1
CUST_01826,42,M,Silver,16,2,10,3511.15,351.12,0,0
CUST_01827,39,F,Gold,18,2,13,8843.14,680.24,0,0
CUST_01828,43,Other,Gold,72,82,11,15113.64,1373.97,0,0
CUST_01829,32,F,Bronze,1,64,3,1146.69,382.23,1,1
CUST_01830,57,M,Silver,4,64,7,3078.90,439.84,1,1
CUST_01831,37,M,Bronze,38,49,4,1276.96,319.24,0,0
CUST_01832,44,F,Bronze,9,31,3,969.46,323.15,2,0
CUST_01833,45,Other,Bronze,29,7,2,731.09,365.55,0,0
CUST_01834,27,F,Silver,22,20,6,4187.31,697.89,0,0
CUST_01835,32,F,Bronze,21,86,4,1598.81,399.70,0,1
CUST_01836,49,Other,Bronze,16,2,4,2183.89,545.97,0,0
CUST_01837,45,M,Bronze,51,3,4,974.96,243.74,1,0
CUST_01838,36,M,Bronze,62,1,6,2447.77,407.96,0,0
CUST_01839,40,M,Silver,72,7,6,4047.21,674.53,0,0
CUST_01840,52,Other,Gold,17,28,6,8601.88,1433.65,0,0
CUST_01841,46,Other,Bronze,3,14,3,1460.23,486.74,0,0
CUST_01842,36,Other,Bronze,16,1,4,2307.57,576.89,1,1
CUST_01843,34,Other,Bronze,2,17,4,1521.81,380.45,2,1
CUST_01844,54,M,Bronze,5,12,3,1013.18,337.73,0,0
CUST_01845,,M,Platinum,4,5,30,89147.63,2971.59,0,0
CUST_01846,34,Other,Silver,3,118,9,5047.89,560.88,1,1
CUST_01847,29,Other,Bronze,4,1,4,1276.70,319.18,0,0
CUST_01848,36,F,Bronze,1,4,3,1070.66,356.89,1,0
CUST_01849,31,M,Bronze,4,10,3,1100.20,366.73,0,1
CUST_01850,41,F,Silver,1,73,8,4273.56,534.20,2,1
CUST_01851,53,Other,Bronze,2,56,3,1281.32,427.11,0,0
CUST_01852,51,F,Bronze,8,2,4,1363.71,340.93,1,0
CUST_01853,38,F,Gold,31,32,13,20685.97,1591.23,0,0
CUST_01854,36,M,Platinum,65,23,18,44218.43,2456.58,0,0
CUST_01855,32,F,Gold,8,39,19,25330.73,1333.20,1,0
CUST_01856,36,M,Bronze,9,46,4,1923.85,480.96,1,1
CUST_01857,49,M,Bronze,37,1,3,1058.25,352.75,0,0
CUST_01858,32,M,Silver,7,26,10,5308.66,530.87,0,1
CUST_01859,44,F,Gold,12,34,24,26487.08,1103.63,0,0
CUST_01860,38,F,Silver,16,16,4,1989.19,497.30,0,0
CUST_01861,57,M,Silver,8,6,8,4146.81,518.35,0,0
CUST_01862,37,Other,Bronze,9,22,3,1460.20,486.73,0,0
CUST_01863,56,Other,Gold,8,4,14,20549.19,1467.80,0,0
CUST_01864,45,Other,Bronze,19,50,2,556.62,278.31,1,1
CUST_01865,35,F,Silver,22,1,10,6093.98,609.40,0,0
CUST_01866,51,Other,Silver,15,2,5,3190.54,638.11,2,0
CUST_01867,33,M,Silver,14,71,8,4293.68,536.71,1,1
CUST_01868,44,M,Gold,1,9,12,11968.59,997.38,0,0
CUST_01869,18,F,Gold,1,1,22,22406.99,1018.50,0,0
CUST_01870,36,Other,Gold,7,10,13,16189.32,1245.33,0,0
CUST_01871,38,F,Bronze,12,20,3,1449.73,483.24,1,0
CUST_01872,35,F,Bronze,1,7,5,2781.76,556.35,1,0
CUST_01873,31,M,Bronze,72,17,5,1896.34,379.27,0,0
CUST_01874,45,M,Bronze,11,18,2,630.31,315.15,0,1
CUST_01875,43,M,Bronze,4,27,5,2393.26,478.65,0,0
CUST_01876,26,F,Platinum,12,90,18,39846.10,2213.67,1,1
CUST_01877,18,M,Gold,2,24,20,22417.52,1120.88,0,0
CUST_01878,43,M,Gold,17,1,17,21959.04,1291.71,0,0
CUST_01879,35,Other,Silver,34,92,9,6734.79,748.31,1,1
CUST_01880,36,F,Gold,34,4,8,12172.39,1521.55,0,1
CUST_01881,35,Other,Gold,34,6,15,21074.63,1404.98,0,0
CUST_01882,36,Other,Bronze,3,2,3,1284.13,428.04,1,0
CUST_01883,46,M,Bronze,1,4,2,991.52,495.76,0,0
CUST_01884,41,F,Bronze,11,15,3,1119.39,373.13,0,0
CUST_01885,54,F,Silver,8,11,4,2373.75,593.44,0,0
CUST_01886,39,M,Bronze,1,7,2,1002.71,501.36,0,0
CUST_01887,37,Other,Gold,17,33,7,9337.72,1333.96,0,0
CUST_01888,51,M,Silver,19,5,5,3432.36,686.47,0,0
CUST_01889,39,F,Bronze,35,48,4,1344.25,336.06,0,0
CUST_01890,52,F,Bronze,2,51,4,1391.77,347.94,0,1
CUST_01891,25,M,Gold,29,58,17,17128.75,1007.57,0,0
CUST_01892,38,F,Bronze,29,35,4,1316.65,329.16,1,1
CUST_01893,22,M,Silver,28,15,8,5117.98,639.75,1,0
CUST_01894,36,Other,Silver,62,14,10,5755.30,575.53,0,0
CUST_01895,,Other,Bronze,3,24,5,2041.82,408.36,0,0
CUST_01896,47,M,Bronze,50,30,5,1570.66,314.13,0,0
CUST_01897,55,F,Bronze,13,13,4,1366.38,341.60,1,1
CUST_01898,29,M,Bronze,5,8,4,1183.52,295.88,0,0
CUST_01899,40,Other,Silver,12,18,5,1889.82,377.96,1,0
CUST_01900,41,M,Gold,1,1,15,9043.41,602.89,0,0
CUST_01901,28,Other,Bronze,4,115,6,2823.61,470.60,0,1
CUST_01902,24,M,Gold,72,8,16,27776.47,1736.03,0,0
CUST_01903,56,M,Gold,9,8,12,14871.44,1239.29,1,0
CUST_01904,34,M,Bronze,3,20,1,481.90,481.90,1,1
CUST_01905,38,F,Gold,25,9,17,18556.79,1091.58,0,0
CUST_01906,45,M,Silver,56,23,7,3947.24,563.89,0,0
CUST_01907,59,M,Silver,3,17,7,4444.45,634.92,0,0
CUST_01908,45,Other,Bronze,7,27,2,804.94,402.47,0,0
CUST_01909,22,M,Silver,72,79,7,4460.45,637.21,1,1
CUST_01910,47,F,Bronze,8,20,3,1512.34,504.11,1,0
CUST_01911,54,F,Bronze,7,12,5,2082.73,416.55,0,0
CUST_01912,38,M,Bronze,16,29,3,1040.06,346.69,0,0
CUST_01913,31,F,Gold,4,31,12,14394.82,1199.57,0,0
CUST_01914,32,M,Platinum,15,4,6,12153.85,2025.64,1,0
CUST_01915,62,M,Platinum,1,27,26,64293.09,2472.81,0,0
CUST_01916,57,M,Bronze,1,22,4,1602.96,400.74,1,1
CUST_01917,28,F,Platinum,34,1,18,36467.50,2025.97,0,0
CUST_01918,28,M,Gold,17,36,14,14063.42,1004.53,0,0
CUST_01919,33,Other,Platinum,1,7,25,57037.72,2281.51,0,0
CUST_01920,22,Other,Platinum,34,69,25,75629.68,3025.19,0,0
CUST_01921,56,Other,Silver,37,1,7,4635.77,662.25,1,0
CUST_01922,35,F,Silver,17,31,10,6857.78,685.78,0,0
CUST_01923,33,F,Bronze,3,61,3,1074.85,358.28,0,0
CUST_01924,46,F,Gold,19,31,15,17476.01,1165.07,0,0
CUST_01925,43,Other,Gold,29,60,13,18571.42,1428.57,1,1
CUST_01926,25,M,Gold,3,5,11,14648.26,1331.66,1,0
CUST_01927,34,F,Gold,24,14,12,13362.60,1113.55,0,0
CUST_01928,41,F,Bronze,9,1,3,1126.60,375.53,0,0
CUST_01929,43,M,Silver,19,29,6,4124.31,687.39,0,0
CUST_01930,25,Other,Bronze,45,21,4,1499.42,374.86,0,0
CUST_01931,49,F,Bronze,39,84,3,1101.53,367.18,0,1
CUST_01932,34,F,Bronze,6,26,5,1109.21,221.84,0,0
CUST_01933,18,Other,Bronze,31,94,4,1679.32,419.83,0,1
CUST_01934,34,Other,Silver,20,1,7,3919.48,559.93,0,0
CUST_01935,55,M,Bronze,7,79,4,1205.80,301.45,0,1
CUST_01936,21,F,Bronze,1,1,3,1361.36,453.79,0,0
CUST_01937,31,F,Silver,72,20,7,3904.90,557.84,0,0
CUST_01938,38,M,Silver,13,5,7,5013.52,716.22,1,0
CUST_01939,38,M,Bronze,1,3,3,1369.11,456.37,1,1
CUST_01940,29,Other,Bronze,20,4,3,956.77,318.92,0,0
CUST_01941,35,Other,Silver,7,2,9,5793.19,643.69,0,0
CUST_01942,,Other,Silver,5,3,7,4043.72,577.67,0,0
CUST_01943,18,F,Bronze,7,4,5,1744.07,348.81,0,0
CUST_01944,37,Other,Bronze,72,10,4,1562.13,390.53,1,0
CUST_01945,46,Other,Bronze,9,12,2,967.18,483.59,1,0
CUST_01946,44,Other,Bronze,5,48,3,1135.09,378.36,1,1
CUST_01947,28,M,Silver,1,28,9,5369.68,596.63,2,1
CUST_01948,30,M,Bronze,2,72,5,2011.91,402.38,0,1
CUST_01949,46,M,Gold,19,83,17,15942.19,937.78,0,0
CUST_01950,36,M,Gold,22,11,12,12976.44,1081.37,0,0
CUST_01951,34,Other,Gold,3,15,14,14107.37,1007.67,0,0
CUST_01952,53,Other,Bronze,72,4,4,1191.18,297.80,2,0
CUST_01953,38,M,Gold,30,9,13,13276.62,1021.28,0,0
CUST_01954,31,F,Bronze,72,8,3,626.83,208.94,0,0
CUST_01955,23,Other,Bronze,25,15,5,2109.52,421.90,0,0
CUST_01956,29,F,Silver,40,11,12,6638.27,553.19,0,0
CUST_01957,23,F,Bronze,28,20,5,1513.89,302.78,1,0
CUST_01958,52,M,Platinum,28,6,28,58820.18,2100.72,0,0
CUST_01959,30,Other,Bronze,72,1,4,939.40,234.85,0,0
CUST_01960,18,F,Gold,19,83,17,23345.87,1373.29,1,1
CUST_01961,29,F,Gold,3,15,12,13936.38,1161.37,0,0
CUST_01962,49,Other,Bronze,20,63,3,1045.50,348.50,2,1
CUST_01963,36,Other,Silver,38,46,5,3464.38,692.88,0,0
CUST_01964,35,F,Bronze,20,34,4,1856.76,464.19,0,0
CUST_01965,27,Other,Gold,12,17,19,29007.22,1526.70,1,0
CUST_01966,28,F,Bronze,43,21,3,982.53,327.51,0,0
CUST_01967,24,Other,Silver,6,8,6,2269.94,378.32,1,0
CUST_01968,36,F,Silver,15,44,8,5178.21,647.28,0,0
CUST_01969,36,M,Gold,72,2,17,12976.32,763.31,1,0
CUST_01970,18,F,Gold,13,77,10,8881.38,888.14,0,0
CUST_01971,22,M,Bronze,34,14,2,773.64,386.82,0,0
CUST_01972,51,M,Silver,6,43,7,5916.25,845.18,0,0
CUST_01973,46,Other,Silver,29,45,14,7338.36,524.17,0,0
CUST_01974,44,F,Silver,1,17,6,4106.84,684.47,1,1
CUST_01975,35,F,Bronze,3,21,3,1044.51,348.17,0,0
CUST_01976,44,F,Gold,58,66,15,16538.77,1102.58,0,0
CUST_01977,31,M,Gold,6,14,20,23424.48,1171.22,1,0
CUST_01978,38,F,Bronze,28,10,5,2177.35,435.47,0,0
CUST_01979,27,F,Gold,2,1,4,5352.48,1338.12,0,0
CUST_01980,35,M,Silver,28,40,12,8505.79,708.82,1,0
CUST_01981,35,Other,Bronze,20,35,3,1376.45,458.82,0,1
CUST_01982,43,F,Gold,14,6,16,18979.49,1186.22,0,0
CUST_01983,28,Other,Bronze,5,11,3,1218.08,406.03,0,0
CUST_01984,23,M,Bronze,12,36,4,1162.51,290.63,0,0
CUST_01985,30,F,Silver,16,7,6,3993.24,665.54,0,0
CUST_01986,,M,Silver,72,45,6,4676.13,779.36,0,0
CUST_01987,44,F,Silver,8,10,7,4972.27,710.32,0,0
CUST_01988,22,F,Gold,1,10,8,10020.18,1252.52,0,0
CUST_01989,37,M,Bronze,11,4,5,2081.35,416.27,1,1
CUST_01990,30,F,Silver,18,45,4,2582.09,645.52,0,0
CUST_01991,33,M,Bronze,11,4,3,1198.55,399.52,0,0
CUST_01992,47,Other,Silver,24,5,6,4024.77,670.79,0,0
CUST_01993,36,M,Gold,39,67,10,13455.59,1345.56,0,1
CUST_01994,46,F,Platinum,71,4,15,43162.04,2877.47,0,0
CUST_01995,34,Other,Bronze,24,7,3,770.97,256.99,1,0
CUST_01996,49,M,Bronze,21,7,4,1633.11,408.28,0,0
CUST_01997,21,M,Silver,42,7,7,3001.11,428.73,1,0
CUST_01998,32,F,Platinum,1,58,30,50220.43,1674.01,0,0
CUST_01999,34,F,Gold,2,39,18,24245.38,1346.97,0,0
CUST_02000,38,M,Bronze,7,50,3,1385.08,461.69,1,1
CUST_02001,36,Other,Bronze,4,29,3,1365.00,455.00,0,0
CUST_02002,52,Other,Bronze,11,18,2,1010.44,505.22,0,0
CUST_02003,49,F,Platinum,20,7,30,81898.88,2729.96,0,0
CUST_02004,51,M,Silver,13,1,7,4247.61,606.80,0,0
CUST_02005,32,F,Bronze,1,15,2,1055.25,527.62,1,0
CUST_02006,36,Other,Silver,23,22,9,5207.98,578.66,0,0
CUST_02007,33,F,Bronze,46,21,3,1482.44,494.15,0,0
CUST_02008,28,Other,Bronze,8,4,3,990.37,330.12,0,0
CUST_02009,26,Other,Bronze,1,114,2,913.68,456.84,2,1
CUST_02010,41,Other,Silver,21,27,5,4107.45,821.49,0,0
CUST_02011,22,M,Silver,5,35,6,3462.57,577.10,1,0
CUST_02012,37,F,Bronze,1,8,2,618.64,309.32,1,0
CUST_02013,42,M,Bronze,41,5,2,504.02,252.01,1,0
CUST_02014,27,M,Silver,26,29,8,3985.37,498.17,1,0
CUST_02015,38,Other,Bronze,12,2,3,1194.68,398.23,0,0
CUST_02016,22,M,Silver,1,7,7,3715.95,530.85,0,0
CUST_02017,32,M,Silver,20,14,9,5823.42,647.05,0,0
CUST_02018,40,F,Bronze,65,33,4,2026.04,506.51,1,1
CUST_02019,49,Other,Gold,58,7,12,11695.63,974.64,0,0
CUST_02020,35,F,Bronze,7,21,2,926.23,463.12,1,1
CUST_02021,36,M,Silver,34,1,6,3995.30,665.88,0,0
CUST_02022,37,M,Silver,2,10,9,5125.81,569.53,1,0
CUST_02023,55,Other,Gold,22,3,8,12577.42,1572.18,0,0
CUST_02024,37,M,Bronze,8,8,5,1131.04,226.21,0,0
CUST_02025,29,M,Platinum,38,2,22,40471.74,1839.62,0,0
CUST_02026,41,F,Silver,40,13,6,4880.60,813.43,0,0
CUST_02027,30,Other,Silver,50,10,6,3731.79,621.97,1,0
CUST_02028,45,F,Bronze,16,120,3,1087.43,362.48,0,1
CUST_02029,62,Other,Bronze,16,5,3,817.65,272.55,1,1
CUST_02030,40,F,Silver,1,4,9,5270.11,585.57,2,0
CUST_02031,28,Other,Bronze,2,54,3,1372.43,457.48,0,0
CUST_02032,54,F,Platinum,30,1,34,59380.77,1746.49,0,0
CUST_02033,43,F,Bronze,2,25,3,1087.30,362.43,1,1
CUST_02034,28,Other,Silver,43,1,4,1955.36,488.84,1,0
CUST_02035,46,F,Gold,1,24,12,15517.10,1293.09,1,0
CUST_02036,26,F,Gold,9,9,13,17723.37,1363.34,0,0
CUST_02037,31,M,Bronze,32,2,4,1685.37,421.34,0,0
CUST_02038,40,F,Gold,13,19,16,18180.13,1136.26,0,0
CUST_02039,29,Other,Silver,25,4,6,3445.23,574.21,0,0
CUST_02040,32,M,Bronze,5,27,6,2427.59,404.60,0,0
CUST_02041,41,Other,Gold,3,34,14,18796.42,1342.60,0,0
CUST_02042,29,M,Gold,24,19,16,25259.53,1578.72,1,0
CUST_02043,40,M,Silver,71,32,9,6669.75,741.08,1,0
CUST_02044,39,F,Platinum,1,5,28,41040.06,1465.72,0,0
CUST_02045,45,Other,Silver,11,10,4,2296.41,574.10,0,0
CUST_02046,45,Other,Silver,1,7,6,4121.26,686.88,1,0
CUST_02047,43,M,Bronze,18,43,4,1654.24,413.56,1,0
CUST_02048,46,F,Gold,1,32,13,17243.52,1326.42,0,0
CUST_02049,22,Other,Bronze,15,14,2,905.11,452.56,0,1
CUST_02050,18,Other,Gold,1,38,20,16598.78,829.94,0,0
CUST_02051,24,M,Bronze,1,83,4,1439.13,359.78,1,1
CUST_02052,21,F,Bronze,3,47,4,1696.96,424.24,0,0
CUST_02053,18,M,Bronze,19,13,3,1320.70,440.23,1,0
CUST_02054,46,M,Platinum,9,1,16,27873.33,1742.08,0,0
CUST_02055,60,F,Bronze,55,21,5,2086.72,417.34,0,0
CUST_02056,53,F,Silver,5,13,9,5120.73,568.97,0,0
CUST_02057,50,F,Platinum,8,6,27,39272.80,1454.55,0,0
CUST_02058,53,M,Silver,12,15,8,7573.07,946.63,0,0
CUST_02059,29,Other,Silver,6,80,6,3514.36,585.73,1,1
CUST_02060,47,Other,Bronze,17,3,4,1488.59,372.15,0,0
CUST_02061,57,M,Gold,14,24,8,12344.72,1543.09,0,0
CUST_02062,42,F,Platinum,40,37,21,41336.10,1968.39,0,0
CUST_02063,35,F,Silver,22,2,7,4985.29,712.18,0,0
CUST_02064,49,F,Gold,19,16,20,18951.15,947.56,0,0
CUST_02065,19,F,Bronze,1,43,3,847.57,282.52,1,1
CUST_02066,42,M,Gold,6,33,9,11472.75,1274.75,0,0
CUST_02067,25,F,Silver,1,39,5,3949.17,789.83,1,1
CUST_02068,32,Other,Bronze,15,30,3,1055.23,351.74,2,1
CUST_02069,53,F,Gold,7,13,21,34463.57,1641.12,1,0
CUST_02070,52,Other,Platinum,68,7,31,57666.78,1860.22,0,0
CUST_02071,39,Other,Bronze,11,19,2,911.36,455.68,1,1
CUST_02072,38,F,Silver,38,30,6,1408.03,234.67,0,1
CUST_02073,46,F,Silver,54,1,6,2981.84,496.97,0,0
CUST_02074,20,F,Bronze,31,2,4,1159.08,289.77,0,0
CUST_02075,39,Other,Silver,21,2,9,6675.24,741.69,0,0
CUST_02076,35,M,Platinum,22,29,25,69502.39,2780.10,0,1
CUST_02077,29,F,Silver,39,39,3,1845.65,615.22,0,0
CUST_02078,38,F,Bronze,39,7,4,1747.33,436.83,0,0
CUST_02079,29,Other,Silver,8,1,8,4954.41,619.30,0,0
CUST_02080,33,F,Bronze,31,35,2,798.81,399.40,1,0
CUST_02081,50,F,Bronze,64,27,3,1215.77,405.26,0,0
CUST_02082,18,F,Platinum,25,21,28,48351.76,1726.85,1,0
CUST_02083,36,Other,Silver,9,22,8,5745.34,718.17,0,0
CUST_02084,,F,Bronze,11,1,1,469.41,469.41,1,0
CUST_02085,50,F,Bronze,1,13,4,1520.47,380.12,1,1
CUST_02086,38,Other,Gold,6,53,11,10083.69,916.70,0,1
CUST_02087,43,Other,Silver,33,16,9,7281.26,809.03,1,0
CUST_02088,32,Other,Platinum,24,11,15,37872.12,2524.81,0,0
CUST_02089,27,F,Platinum,45,18,21,56491.51,2690.07,1,0
CUST_02090,49,M,Bronze,37,46,3,1339.16,446.39,2,1
CUST_02091,34,M,Bronze,6,13,3,1224.31,408.10,0,0
CUST_02092,36,M,Gold,2,12,18,24661.77,1370.10,0,0
CUST_02093,34,M,Bronze,6,17,4,1923.42,480.86,1,1
CUST_02094,25,Other,Bronze,4,11,4,1805.71,451.43,1,0
CUST_02095,35,F,Gold,1,18,15,20999.92,1399.99,1,1
CUST_02096,29,M,Platinum,43,4,31,41028.37,1323.50,1,0
CUST_02097,61,F,Silver,1,7,5,3780.14,756.03,0,0
CUST_02098,34,M,Gold,7,13,12,14058.63,1171.55,0,0
CUST_02099,60,Other,Platinum,2,37,32,110900.20,3465.63,0,0
CUST_02100,51,Other,Bronze,35,84,3,704.76,234.92,1,1
CUST_02101,39,F,Platinum,7,28,29,31178.03,1075.10,0,0
CUST_02102,40,F,Bronze,45,11,2,704.40,352.20,0,0
CUST_02103,36,F,Bronze,30,24,6,2007.08,334.51,0,0
CUST_02104,36,M,Bronze,12,21,4,1427.05,356.76,0,0
CUST_02105,43,M,Bronze,17,12,2,647.46,323.73,0,0
CUST_02106,,Other,Silver,7,14,5,2860.06,572.01,0,1
CUST_02107,18,Other,Gold,18,14,19,22136.13,1165.06,1,0
CUST_02108,38,F,Bronze,2,13,2,785.28,392.64,1,1
CUST_02109,36,Other,Bronze,56,47,2,915.87,457.94,0,0
CUST_02110,51,Other,Bronze,19,14,4,1994.91,498.73,0,0
CUST_02111,51,Other,Bronze,5,30,2,816.71,408.36,0,0
CUST_02112,44,Other,Bronze,2,120,3,1250.78,416.93,0,1
CUST_02113,28,Other,Bronze,9,16,2,838.38,419.19,0,0
CUST_02114,29,M,Silver,54,15,8,5647.28,705.91,0,0
CUST_02115,37,Other,Gold,58,80,13,13882.49,1067.88,0,0
CUST_02116,37,Other,Silver,2,13,7,6428.88,918.41,1,0
CUST_02117,20,Other,Gold,4,35,7,5491.72,784.53,0,1
CUST_02118,46,Other,Gold,19,62,11,16021.33,1456.48,0,0
CUST_02119,20,M,Platinum,14,45,24,53515.79,2229.82,0,0
CUST_02120,49,M,Bronze,7,2,3,1422.64,474.21,1,0
CUST_02121,,F,Bronze,15,22,3,886.08,295.36,0,0
CUST_02122,27,Other,Gold,14,6,14,6324.24,451.73,0,0
CUST_02123,21,Other,Bronze,2,31,5,2017.26,403.45,0,0
CUST_02124,47,F,Bronze,29,16,2,791.10,395.55,0,0
CUST_02125,53,M,Gold,50,6,12,19435.45,1619.62,0,0
CUST_02126,18,Other,Bronze,12,22,3,976.14,325.38,0,0
CUST_02127,27,Other,Bronze,9,1,4,1273.40,318.35,0,0
CUST_02128,28,M,Silver,8,8,9,6054.80,672.76,0,0
CUST_02129,26,Other,Bronze,35,41,3,1211.03,403.68,1,1
CUST_02130,49,M,Silver,67,1,12,9618.79,801.57,1,0
CUST_02131,22,M,Platinum,4,1,36,106434.18,2956.50,0,0
CUST_02132,39,F,Silver,4,2,6,3462.67,577.11,0,0
CUST_02133,37,F,Bronze,14,16,3,934.63,311.54,0,1
CUST_02134,24,F,Bronze,46,13,5,2126.37,425.27,0,0
CUST_02135,43,Other,Platinum,21,4,23,64994.04,2825.83,0,0
CUST_02136,48,M,Silver,3,34,4,2636.47,659.12,0,0
CUST_02137,46,Other,Gold,1,29,9,9599.70,1066.63,1,1
CUST_02138,41,M,Bronze,4,35,5,1679.73,335.95,0,0
CUST_02139,,M,Silver,62,3,9,4348.86,483.21,0,0
CUST_02140,26,Other,Silver,22,24,8,5227.30,653.41,0,0
CUST_02141,28,F,Gold,19,12,13,12268.54,943.73,1,0
CUST_02142,36,M,Silver,13,6,7,4163.50,594.79,0,0
CUST_02143,34,M,Bronze,62,86,2,591.82,295.91,1,1
CUST_02144,51,Other,Bronze,29,1,3,889.43,296.48,0,0
CUST_02145,32,F,Silver,1,11,5,3271.79,654.36,1,0
CUST_02146,43,M,Gold,27,28,11,13005.37,1182.31,0,1
CUST_02147,50,Other,Bronze,20,1,2,694.46,347.23,0,0
CUST_02148,45,Other,Silver,13,7,8,4287.95,535.99,0,0
CUST_02149,51,F,Bronze,34,11,4,1674.77,418.69,1,0
CUST_02150,47,F,Silver,72,6,6,3043.05,507.18,0,0
CUST_02151,42,M,Gold,6,11,19,23989.59,1262.61,0,0
CUST_02152,30,F,Bronze,34,1,3,1390.31,463.44,1,0
CUST_02153,34,Other,Platinum,7,12,20,47727.90,2386.39,0,0
CUST_02154,45,Other,Silver,14,22,7,5788.37,826.91,1,1
CUST_02155,48,M,Silver,10,31,9,5573.44,619.27,0,0
CUST_02156,43,M,Gold,14,21,17,18210.30,1071.19,0,0
CUST_02157,31,M,Platinum,28,38,20,44515.77,2225.79,0,0
CUST_02158,18,Other,Silver,8,74,10,7332.26,733.23,1,1
CUST_02159,35,Other,Gold,5,17,11,14728.91,1338.99,2,1
CUST_02160,34,Other,Bronze,12,21,3,1017.75,339.25,0,0
CUST_02161,26,M,Silver,10,22,7,5551.43,793.06,0,0
CUST_02162,38,F,Silver,9,9,9,5924.86,658.32,0,0
CUST_02163,39,Other,Silver,31,12,8,4084.45,510.56,1,0
CUST_02164,41,F,Bronze,13,22,5,1982.25,396.45,1,0
CUST_02165,22,Other,Silver,1,19,10,7157.08,715.71,2,1
CUST_02166,18,Other,Gold,4,12,18,17129.80,951.66,0,0
CUST_02167,25,M,Bronze,3,41,2,1004.97,502.49,1,0
CUST_02168,30,M,Silver,9,17,8,5554.71,694.34,0,0
CUST_02169,57,F,Bronze,16,6,4,1110.61,277.65,1,0
CUST_02170,33,F,Silver,6,1,8,5609.10,701.14,0,0
CUST_02171,42,F,Platinum,38,1,30,84501.43,2816.71,0,0
CUST_02172,18,Other,Bronze,24,26,3,1300.63,433.54,1,0
CUST_02173,42,Other,Bronze,37,10,4,1116.41,279.10,0,0
CUST_02174,45,Other,Bronze,12,39,2,585.59,292.80,0,0
CUST_02175,33,F,Silver,25,73,7,5712.31,816.04,0,0
CUST_02176,40,Other,Bronze,9,4,3,1009.22,336.41,0,0
CUST_02177,36,F,Bronze,36,49,4,1551.68,387.92,0,1
CUST_02178,43,F,Platinum,11,11,35,65577.27,1873.64,0,0
CUST_02179,49,F,Silver,40,99,8,6718.08,839.76,0,0
CUST_02180,23,M,Silver,31,71,4,2054.77,513.69,1,1
CUST_02181,34,Other,Bronze,1,3,3,1082.59,360.86,0,0
CUST_02182,48,Other,Gold,3,5,11,9843.50,894.86,1,0
CUST_02183,36,M,Gold,4,39,13,16747.62,1288.28,0,0
CUST_02184,23,F,Gold,38,30,14,13874.74,991.05,0,0
CUST_02185,48,M,Bronze,1,35,3,1362.14,454.05,0,1
CUST_02186,42,Other,Gold,26,7,8,9537.64,1192.20,0,0
CUST_02187,32,M,Gold,5,40,9,9298.05,1033.12,0,0
CUST_02188,33,F,Gold,1,28,22,29181.43,1326.43,0,0
CUST_02189,32,M,Bronze,9,22,4,1597.91,399.48,1,0
CUST_02190,35,M,Bronze,72,2,3,1337.05,445.68,1,1
CUST_02191,18,Other,Bronze,10,9,4,1707.76,426.94,1,0
CUST_02192,38,Other,Gold,3,2,9,16025.73,1780.64,0,0
CUST_02193,34,M,Silver,8,18,7,4415.70,630.81,0,0
CUST_02194,26,M,Platinum,1,35,29,49393.25,1703.22,1,0
CUST_02195,39,Other,Bronze,29,12,3,654.06,218.02,0,0
CUST_02196,34,M,Bronze,3,17,4,1059.40,264.85,0,1
CUST_02197,21,F,Bronze,22,3,5,2042.88,408.58,1,0
CUST_02198,43,F,Bronze,6,45,3,1242.60,414.20,0,0
CUST_02199,42,F,Bronze,2,24,4,2063.40,515.85,0,0
CUST_02200,40,M,Bronze,9,9,4,1932.11,483.03,0,0
CUST_02201,48,Other,Bronze,16,53,5,2339.85,467.97,0,0
CUST_02202,38,M,Gold,18,1,16,23714.07,1482.13,0,0
CUST_02203,29,F,Silver,18,52,7,3018.14,431.16,0,1
CUST_02204,43,F,Bronze,13,6,4,1607.35,401.84,1,0
CUST_02205,37,F,Silver,57,40,7,4075.27,582.18,0,0
CUST_02206,31,Other,Gold,10,6,18,19065.68,1059.20,1,0
CUST_02207,47,F,Bronze,26,8,3,861.42,287.14,0,0
CUST_02208,22,M,Bronze,24,3,4,1401.86,350.46,1,1
CUST_02209,24,F,Silver,7,104,7,4540.37,648.62,1,1
CUST_02210,25,F,Platinum,10,16,23,45387.01,1973.35,0,0
CUST_02211,25,M,Silver,31,14,7,4469.00,638.43,0,0
CUST_02212,56,F,Silver,8,11,9,6267.79,696.42,1,0
CUST_02213,,F,Silver,6,57,10,8498.23,849.82,1,1
CUST_02214,38,M,Bronze,45,10,3,754.49,251.50,0,0
CUST_02215,35,F,Bronze,16,23,3,727.64,242.55,0,0
CUST_02216,39,M,Gold,48,4,17,15265.68,897.98,0,0
CUST_02217,45,Other,Bronze,6,22,4,1021.94,255.49,0,0
CUST_02218,27,F,Silver,13,2,7,5543.36,791.91,0,0
CUST_02219,58,F,Bronze,16,17,3,1131.89,377.30,1,0
CUST_02220,54,Other,Gold,54,5,20,26148.55,1307.43,0,0
CUST_02221,37,M,Bronze,10,28,4,2009.55,502.39,0,0
CUST_02222,18,Other,Silver,11,32,7,4447.09,635.30,0,1
CUST_02223,18,M,Bronze,1,85,5,1466.05,293.21,1,1
CUST_02224,41,F,Gold,18,3,13,9351.73,719.36,0,0
CUST_02225,47,M,Silver,5,14,6,2803.29,467.21,1,0
CUST_02226,52,Other,Gold,18,120,8,8550.16,1068.77,0,1
CUST_02227,18,F,Gold,14,111,20,26675.50,1333.78,0,1
CUST_02228,51,Other,Bronze,37,20,3,1350.35,450.12,1,0
CUST_02229,33,M,Bronze,1,12,4,1556.43,389.11,1,1
CUST_02230,51,Other,Platinum,28,7,24,59884.44,2495.18,0,0
CUST_02231,18,Other,Platinum,14,24,17,26498.28,1558.72,1,0
CUST_02232,19,F,Bronze,34,5,4,1417.59,354.40,0,0
CUST_02233,25,M,Silver,15,11,8,4825.53,603.19,0,0
CUST_02234,18,F,Silver,4,42,8,2720.12,340.01,0,0
CUST_02235,46,F,Bronze,16,1,5,2178.34,435.67,0,0
CUST_02236,42,F,Silver,7,18,8,6048.43,756.05,0,0
CUST_02237,37,F,Bronze,15,1,5,2511.49,502.30,0,0
CUST_02238,55,M,Gold,21,1,12,18705.68,1558.81,0,0
CUST_02239,64,M,Bronze,19,1,5,1039.22,207.84,1,0
CUST_02240,32,F,Silver,9,1,8,5485.79,685.72,1,0
CUST_02241,36,Other,Gold,15,14,13,16940.52,1303.12,0,0
CUST_02242,,Other,Bronze,44,14,5,2118.30,423.66,1,0
CUST_02243,45,Other,Silver,32,15,9,4210.55,467.84,0,0
CUST_02244,20,Other,Bronze,7,17,4,1287.38,321.85,0,0
CUST_02245,61,Other,Bronze,16,5,4,1350.63,337.66,1,0
CUST_02246,46,M,Gold,53,61,8,11572.64,1446.58,0,0
CUST_02247,41,M,Bronze,12,13,4,1718.50,429.62,0,0
CUST_02248,43,Other,Bronze,24,12,2,748.27,374.13,1,0
CUST_02249,47,Other,Gold,4,48,16,25595.69,1599.73,0,0
CUST_02250,39,M,Bronze,12,22,4,2008.17,502.04,0,0
CUST_02251,30,F,Silver,5,52,6,4014.82,669.14,2,1
CUST_02252,55,M,Silver,8,18,6,4205.08,700.85,1,0
CUST_02253,43,F,Bronze,8,93,5,1320.22,264.04,0,1
CUST_02254,25,F,Platinum,37,2,25,81176.49,3247.06,0,0
CUST_02255,32,M,Bronze,29,52,2,606.76,303.38,1,0
CUST_02256,31,M,Gold,11,26,13,14676.50,1128.96,2,0
CUST_02257,49,F,Bronze,35,3,2,478.63,239.31,0,0
CUST_02258,49,F,Silver,25,8,9,6005.50,667.28,0,0
CUST_02259,34,Other,Bronze,37,9,4,871.76,217.94,2,0
CUST_02260,22,F,Silver,72,49,8,5640.11,705.01,0,0
CUST_02261,22,M,Silver,11,22,8,5337.30,667.16,0,0
CUST_02262,38,F,Bronze,3,15,2,715.03,357.51,0,0
CUST_02263,25,Other,Gold,21,28,15,19551.54,1303.44,0,0
CUST_02264,34,F,Silver,2,16,8,5168.64,646.08,1,0
CUST_02265,42,Other,Platinum,43,7,23,42322.74,1840.12,0,0
CUST_02266,18,M,Silver,25,24,7,4592.34,656.05,0,0
CUST_02267,41,M,Bronze,10,5,3,820.88,273.63,0,0
CUST_02268,30,F,Bronze,13,36,3,903.90,301.30,0,0
CUST_02269,37,M,Gold,17,16,14,12179.87,869.99,0,0
CUST_02270,18,F,Gold,27,40,12,14212.24,1184.35,1,1
CUST_02271,19,Other,Gold,53,120,14,20054.21,1432.44,0,1
CUST_02272,52,F,Bronze,3,24,3,677.55,225.85,1,0
CUST_02273,40,Other,Silver,1,33,6,4699.45,783.24,1,0
CUST_02274,26,Other,Bronze,3,1,3,751.92,250.64,0,0
CUST_02275,48,F,Platinum,1,22,22,35389.92,1608.63,0,0
CUST_02276,44,M,Bronze,3,3,4,1805.48,451.37,0,0
CUST_02277,47,F,Bronze,4,27,3,793.30,264.43,0,0
CUST_02278,28,F,Bronze,37,38,4,1739.22,434.81,0,0
CUST_02279,30,Other,Bronze,44,11,5,1917.85,383.57,0,0
CUST_02280,47,F,Bronze,22,25,1,336.57,336.57,1,1
CUST_02281,25,Other,Bronze,13,3,3,1545.35,515.12,0,0
CUST_02282,46,M,Bronze,11,13,4,1154.24,288.56,0,0
CUST_02283,36,F,Platinum,2,13,25,54341.60,2173.66,0,0
CUST_02284,37,F,Silver,7,43,5,3309.70,661.94,0,1
CUST_02285,53,Other,Bronze,15,26,2,703.14,351.57,1,1
CUST_02286,63,M,Silver,8,38,8,3699.89,462.49,0,0
CUST_02287,31,F,Silver,22,27,10,4376.59,437.66,1,0
CUST_02288,25,M,Bronze,15,4,4,1419.24,354.81,1,0
CUST_02289,43,Other,Gold,5,22,17,19835.00,1166.76,0,0
CUST_02290,32,M,Silver,6,29,9,3697.22,410.80,1,0
CUST_02291,47,F,Silver,7,13,9,6180.06,686.67,0,0
CUST_02292,36,F,Gold,10,7,15,17926.98,1195.13,0,0
CUST_02293,65,M,Bronze,11,11,2,883.41,441.70,0,0
CUST_02294,35,F,Silver,47,42,6,4497.32,749.55,0,0
CUST_02295,40,Other,Platinum,39,11,18,36503.52,2027.97,0,0
CUST_02296,53,F,Bronze,63,26,3,998.38,332.79,0,0
CUST_02297,20,M,Gold,6,40,12,13778.56,1148.21,0,0
CUST_02298,36,F,Bronze,7,15,4,1442.84,360.71,1,0
CUST_02299,31,Other,Bronze,1,69,3,1069.23,356.41,0,1
CUST_02300,52,Other,Platinum,14,25,25,62377.80,2495.11,0,0
CUST_02301,23,F,Bronze,33,4,3,1238.32,412.77,1,1
CUST_02302,30,Other,Bronze,15,6,2,677.10,338.55,0,1
CUST_02303,39,M,Silver,51,120,10,7979.57,797.96,1,1
CUST_02304,49,F,Gold,9,15,13,11332.26,871.71,1,0
CUST_02305,38,F,Bronze,21,5,4,1721.72,430.43,1,0
CUST_02306,50,M,Bronze,1,15,5,1295.61,259.12,0,0
CUST_02307,28,F,Bronze,27,9,3,1432.37,477.46,1,0
CUST_02308,33,F,Bronze,13,27,5,1579.81,315.96,2,1
CUST_02309,52,Other,Bronze,1,9,3,1222.71,407.57,0,0
CUST_02310,33,Other,Bronze,28,35,6,2896.29,482.71,0,0
CUST_02311,48,M,Silver,29,1,7,5620.17,802.88,0,0
CUST_02312,20,F,Silver,18,91,6,3525.62,587.60,0,1
CUST_02313,44,F,Bronze,22,37,3,1353.00,451.00,0,0
CUST_02314,18,Other,Gold,13,9,19,21317.83,1121.99,0,0
CUST_02315,23,M,Silver,10,12,6,4633.81,772.30,0,0
CUST_02316,27,Other,Bronze,39,10,4,1614.77,403.69,0,0
CUST_02317,33,M,Platinum,5,86,20,50773.80,2538.69,0,1
CUST_02318,37,F,Gold,28,4,19,25216.42,1327.18,0,0
CUST_02319,26,F,Gold,2,7,16,23555.08,1472.19,0,0
CUST_02320,30,M,Bronze,17,6,2,639.22,319.61,2,1
CUST_02321,18,F,Gold,22,17,6,9983.07,1663.85,0,0
CUST_02322,42,Other,Silver,1,8,10,6935.18,693.52,1,1
CUST_02323,57,Other,Platinum,24,16,22,56226.88,2555.77,0,0
CUST_02324,24,Other,Gold,45,21,21,25698.01,1223.71,0,0
CUST_02325,39,F,Bronze,17,2,4,1710.71,427.68,1,0
CUST_02326,39,F,Silver,11,56,7,4461.13,637.30,0,1
CUST_02327,32,F,Bronze,14,15,3,856.07,285.36,2,0
CUST_02328,46,F,Bronze,5,23,3,978.26,326.09,0,1
CUST_02329,28,F,Bronze,4,2,4,1275.69,318.92,1,0
CUST_02330,45,M,Bronze,9,70,4,1878.55,469.64,0,1
CUST_02331,37,Other,Bronze,1,55,3,905.54,301.85,1,0
CUST_02332,26,M,Silver,6,78,8,5592.59,699.07,0,1
CUST_02333,45,Other,Silver,29,89,6,2980.79,496.80,1,1
CUST_02334,35,Other,Gold,5,8,12,12206.35,1017.20,0,0
CUST_02335,28,M,Silver,3,49,11,6871.40,624.67,0,1
CUST_02336,33,Other,Gold,17,28,11,12966.63,1178.78,0,0
CUST_02337,55,F,Bronze,6,17,4,1545.14,386.29,0,0
CUST_02338,29,F,Bronze,9,36,4,1868.39,467.10,0,0
CUST_02339,43,F,Bronze,30,57,5,2377.02,475.40,1,1
CUST_02340,23,F,Bronze,11,44,4,1513.19,378.30,0,1
CUST_02341,31,F,Silver,20,40,4,3360.43,840.11,0,0
CUST_02342,26,Other,Bronze,13,15,4,1287.27,321.82,0,0
CUST_02343,45,Other,Gold,4,36,14,17846.01,1274.71,0,0
CUST_02344,40,M,Silver,14,7,7,3933.44,561.92,0,0
CUST_02345,34,Other,Silver,30,32,10,7663.37,766.34,0,0
CUST_02346,57,F,Platinum,7,5,18,46423.81,2579.10,0,0
CUST_02347,59,F,Silver,8,50,7,2708.91,386.99,1,1
CUST_02348,44,F,Silver,30,13,7,4709.42,672.77,0,0
CUST_02349,42,F,Bronze,10,49,2,835.42,417.71,0,0
CUST_02350,40,F,Silver,1,8,5,2176.00,435.20,0,1
CUST_02351,44,F,Silver,9,4,8,7565.03,945.63,0,0
CUST_02352,25,M,Gold,27,2,14,15013.06,1072.36,0,0
CUST_02353,41,Other,Bronze,18,37,3,953.10,317.70,0,0
CUST_02354,23,Other,Bronze,21,20,4,1830.61,457.65,1,1
CUST_02355,53,F,Platinum,8,6,14,43156.96,3082.64,0,0
CUST_02356,43,Other,Silver,7,1,4,2259.82,564.96,1,0
CUST_02357,36,M,Bronze,14,20,2,738.80,369.40,0,0
CUST_02358,46,M,Silver,8,104,7,5765.08,823.58,0,0
CUST_02359,33,M,Bronze,15,15,5,2150.97,430.19,1,0
CUST_02360,35,M,Gold,9,21,14,20438.73,1459.91,1,1
CUST_02361,25,F,Bronze,4,1,4,1360.88,340.22,0,0
CUST_02362,53,Other,Bronze,28,32,4,1301.26,325.31,0,0
CUST_02363,32,F,Silver,5,19,8,4012.46,501.56,0,0
CUST_02364,46,Other,Silver,6,11,10,4885.78,488.58,1,0
CUST_02365,33,Other,Silver,10,59,7,5230.23,747.18,0,0
CUST_02366,42,Other,Silver,6,84,6,3578.93,596.49,0,1
CUST_02367,46,F,Gold,19,5,16,17545.02,1096.56,0,0
CUST_02368,52,M,Bronze,35,3,4,1694.80,423.70,0,0
CUST_02369,37,Other,Silver,8,25,6,4400.42,733.40,0,0
CUST_02370,28,M,Gold,28,93,13,16948.01,1303.69,0,1
CUST_02371,38,Other,Silver,5,40,6,5050.80,841.80,1,1
CUST_02372,19,M,Bronze,3,8,4,1390.60,347.65,0,0
CUST_02373,33,Other,Gold,17,23,14,21252.90,1518.06,0,0
CUST_02374,46,F,Bronze,63,9,2,493.13,246.56,0,0
CUST_02375,52,F,Gold,6,11,18,23398.07,1299.89,0,0
CUST_02376,,F,Bronze,6,70,2,864.27,432.13,0,0
CUST_02377,40,F,Bronze,5,12,4,1473.00,368.25,0,0
CUST_02378,58,F,Gold,5,8,15,17420.32,1161.35,1,0
CUST_02379,30,M,Silver,1,27,6,2693.37,448.89,1,1
CUST_02380,40,M,Silver,26,2,7,4729.63,675.66,1,0
CUST_02381,43,F,Bronze,18,16,4,1279.02,319.75,1,1
CUST_02382,23,F,Silver,55,10,9,6442.08,715.79,1,0
CUST_02383,37,Other,Bronze,50,40,3,1590.87,530.29,1,0
CUST_02384,26,Other,Bronze,8,16,3,1178.30,392.77,0,0
CUST_02385,35,F,Gold,35,25,17,23060.35,1356.49,0,0
CUST_02386,37,F,Bronze,25,6,4,1232.87,308.22,0,0
CUST_02387,25,M,Gold,9,4,12,18890.18,1574.18,0,0
CUST_02388,18,F,Bronze,41,26,4,1423.07,355.77,0,0
CUST_02389,26,Other,Bronze,1,19,3,614.22,204.74,1,0
CUST_02390,20,M,Platinum,54,61,32,69123.15,2160.10,0,0
CUST_02391,46,F,Silver,14,1,7,5039.37,719.91,0,0
CUST_02392,,Other,Gold,39,6,18,22940.69,1274.48,0,0
CUST_02393,54,Other,Gold,9,71,20,22039.91,1102.00,0,0
CUST_02394,44,F,Platinum,61,53,24,62617.93,2609.08,1,0
CUST_02395,27,M,Gold,17,32,16,16048.14,1003.01,0,0
CUST_02396,22,M,Silver,43,9,7,5940.81,848.69,0,0
CUST_02397,40,M,Silver,3,8,7,4479.88,639.98,0,0
CUST_02398,45,F,Bronze,20,40,3,769.50,256.50,0,0
CUST_02399,43,F,Bronze,3,10,2,882.43,441.21,0,0
CUST_02400,31,F,Silver,33,34,7,5920.36,845.77,0,0
CUST_02401,35,Other,Bronze,14,39,3,992.04,330.68,0,0
CUST_02402,34,M,Silver,10,1,6,4855.15,809.19,0,0
CUST_02403,45,M,Gold,4,18,12,11365.40,947.12,0,0
CUST_02404,,F,Silver,18,9,9,5347.58,594.18,1,1
CUST_02405,18,Other,Bronze,11,1,4,884.36,221.09,0,0
CUST_02406,29,M,Bronze,7,11,2,428.93,214.47,1,1
CUST_02407,36,M,Gold,7,23,14,18691.36,1335.10,0,0
CUST_02408,49,Other,Bronze,1,42,5,2168.91,433.78,0,0
CUST_02409,35,M,Bronze,21,2,4,1509.85,377.46,0,0
CUST_02410,,Other,Bronze,35,67,4,1586.00,396.50,2,1
CUST_02411,48,M,Bronze,4,53,2,829.40,414.70,0,1
CUST_02412,31,M,Gold,56,120,8,11118.68,1389.84,2,1
CUST_02413,40,Other,Bronze,1,39,3,826.27,275.42,0,0
CUST_02414,24,Other,Bronze,20,34,5,2577.00,515.40,0,1
CUST_02415,29,Other,Bronze,25,17,4,1567.27,391.82,0,0
CUST_02416,47,F,Gold,72,17,26,33632.80,1293.57,0,0
CUST_02417,23,M,Silver,1,6,12,8428.30,702.36,0,0
CUST_02418,25,M,Silver,20,62,9,6800.47,755.61,1,1
CUST_02419,42,F,Bronze,5,13,4,1178.05,294.51,1,0
CUST_02420,33,F,Bronze,16,16,3,1168.82,389.61,0,0
CUST_02421,35,Other,Silver,4,5,10,6291.56,629.16,1,0
CUST_02422,40,M,Bronze,1,8,4,1589.62,397.40,1,0
CUST_02423,29,F,Silver,25,120,8,4982.76,622.85,0,1
CUST_02424,18,Other,Silver,19,16,9,5980.20,664.47,0,0
CUST_02425,48,Other,Silver,22,59,6,4302.29,717.05,0,0
CUST_02426,35,Other,Silver,19,3,8,5496.71,687.09,1,0
CUST_02427,26,F,Bronze,12,6,3,1122.28,374.09,1,0
CUST_02428,18,F,Silver,28,44,7,4624.45,660.64,1,0
CUST_02429,18,Other,Bronze,6,28,4,1525.48,381.37,1,1
CUST_02430,42,Other,Bronze,15,36,2,629.26,314.63,0,0
CUST_02431,61,M,Silver,26,21,8,3724.52,465.56,1,0
CUST_02432,26,M,Gold,1,94,17,19667.09,1156.89,0,1
CUST_02433,22,F,Bronze,40,11,4,1232.54,308.13,0,0
CUST_02434,35,F,Silver,50,18,12,6459.23,538.27,0,0
CUST_02435,47,Other,Gold,3,31,11,12297.83,1117.98,0,0
CUST_02436,41,F,Silver,1,8,8,5372.22,671.53,0,0
CUST_02437,57,M,Bronze,20,11,3,790.14,263.38,0,0
CUST_02438,40,Other,Platinum,14,13,23,62491.94,2717.04,0,0
CUST_02439,20,M,Gold,58,1,17,20116.86,1183.34,1,0
CUST_02440,43,M,Silver,1,6,8,4369.52,546.19,1,0
CUST_02441,40,M,Bronze,6,11,5,1486.37,297.27,1,0
CUST_02442,33,Other,Bronze,4,37,3,1100.76,366.92,2,1
CUST_02443,,Other,Silver,16,3,8,4081.99,510.25,1,0
CUST_02444,41,Other,Bronze,1,13,3,1309.27,436.42,0,0
CUST_02445,52,M,Bronze,27,4,3,1077.19,359.06,0,0
CUST_02446,38,M,Bronze,23,4,4,1940.48,485.12,0,0
CUST_02447,49,Other,Bronze,8,9,1,460.39,460.39,0,0
CUST_02448,35,F,Bronze,32,57,4,1474.04,368.51,0,1
CUST_02449,36,F,Bronze,1,51,2,946.78,473.39,2,1
CUST_02450,50,M,Silver,52,34,5,2961.61,592.32,1,0
CUST_02451,38,M,Bronze,20,27,3,878.33,292.78,0,0
CUST_02452,23,Other,Bronze,31,9,4,1034.27,258.57,1,0
CUST_02453,45,Other,Silver,8,19,10,6279.00,627.90,1,0
CUST_02454,44,F,Bronze,7,11,3,1166.43,388.81,1,1
CUST_02455,25,M,Gold,3,18,7,6426.19,918.03,1,0
CUST_02456,21,F,Silver,38,24,8,4516.09,564.51,0,0
CUST_02457,36,F,Bronze,21,16,4,1272.37,318.09,0,0
CUST_02458,36,F,Bronze,5,1,5,1555.47,311.09,1,0
CUST_02459,44,M,Bronze,24,15,4,1709.39,427.35,0,0
CUST_02460,42,Other,Bronze,18,8,2,770.43,385.21,0,0
CUST_02461,44,M,Bronze,8,41,3,1047.72,349.24,1,1
CUST_02462,24,Other,Gold,30,3,16,17223.02,1076.44,0,0
CUST_02463,33,Other,Platinum,28,30,25,55787.53,2231.50,0,0
CUST_02464,40,F,Silver,69,37,8,4745.45,593.18,1,0
CUST_02465,37,F,Silver,15,4,9,6949.58,772.18,0,0
CUST_02466,50,Other,Bronze,46,9,3,986.24,328.75,0,0
CUST_02467,25,F,Bronze,23,32,4,901.73,225.43,0,0
CUST_02468,41,F,Silver,2,3,5,2675.39,535.08,0,0
CUST_02469,43,F,Silver,1,13,11,8053.31,732.12,0,0
CUST_02470,55,M,Bronze,8,2,4,1311.30,327.82,0,0
CUST_02471,39,F,Silver,29,18,8,4969.59,621.20,0,0
CUST_02472,28,F,Gold,48,94,11,15898.66,1445.33,0,0
CUST_02473,29,F,Silver,6,7,8,5835.31,729.41,0,0
CUST_02474,44,Other,Bronze,59,23,5,1961.78,392.36,0,0
CUST_02475,39,M,Bronze,10,4,4,1489.82,372.45,2,0
CUST_02476,34,Other,Silver,8,39,6,4166.48,694.41,0,0
CUST_02477,32,F,Bronze,1,20,4,1652.28,413.07,1,1
CUST_02478,28,M,Silver,33,15,7,5709.33,815.62,0,0
CUST_02479,30,M,Platinum,24,18,24,84231.64,3509.65,0,0
CUST_02480,19,Other,Silver,40,1,1,746.29,746.29,1,1
CUST_02481,31,Other,Silver,11,51,8,5696.09,712.01,0,0
CUST_02482,36,Other,Platinum,21,21,27,63025.86,2334.29,0,0
CUST_02483,46,Other,Silver,11,10,3,1539.62,513.21,0,0
CUST_02484,44,Other,Silver,1,14,11,9098.75,827.16,0,0
CUST_02485,65,Other,Bronze,52,67,4,1868.95,467.24,0,0
CUST_02486,27,M,Bronze,20,10,5,2405.02,481.00,0,0
CUST_02487,33,M,Bronze,5,13,4,1442.07,360.52,1,0
CUST_02488,42,F,Bronze,21,1,3,1277.10,425.70,0,0
CUST_02489,25,Other,Platinum,5,12,12,36479.16,3039.93,1,0
CUST_02490,31,Other,Gold,2,38,22,33766.21,1534.83,0,0
CUST_02491,49,Other,Silver,37,13,7,2829.49,404.21,0,0
CUST_02492,50,M,Bronze,1,34,3,1449.28,483.09,1,0
CUST_02493,44,F,Silver,17,26,9,4320.54,480.06,1,0
CUST_02494,65,M,Silver,37,2,9,5784.72,642.75,0,0
CUST_02495,52,F,Platinum,10,1,34,66085.50,1943.69,0,0
CUST_02496,34,Other,Gold,8,38,15,19664.60,1310.97,1,0
CUST_02497,38,F,Silver,53,4,4,3881.81,970.45,0,0
CUST_02498,22,F,Platinum,3,7,33,101957.41,3089.62,0,0
CUST_02499,20,F,Bronze,2,9,3,1018.36,339.45,1,1
CUST_02500,42,M,Gold,30,5,7,8105.25,1157.89,0,0
